-- phpMyAdmin SQL Dump
-- version 5.2.0
-- https://www.phpmyadmin.net/
--
-- 主機： localhost
-- 產生時間： 2022 年 09 月 27 日 20:49
-- 伺服器版本： 10.4.21-MariaDB
-- PHP 版本： 8.1.6

SET SQL_MODE = "NO_AUTO_VALUE_ON_ZERO";
START TRANSACTION;
SET time_zone = "+00:00";


/*!40101 SET @OLD_CHARACTER_SET_CLIENT=@@CHARACTER_SET_CLIENT */;
/*!40101 SET @OLD_CHARACTER_SET_RESULTS=@@CHARACTER_SET_RESULTS */;
/*!40101 SET @OLD_COLLATION_CONNECTION=@@COLLATION_CONNECTION */;
/*!40101 SET NAMES utf8mb4 */;

--
-- 資料庫： `wholesome_project`
--

-- --------------------------------------------------------

--
-- 資料表結構 `admins`
--

CREATE TABLE `admins` (
  `id` int(6) UNSIGNED NOT NULL,
  `account` varchar(30) NOT NULL,
  `name` varchar(30) NOT NULL,
  `password` varchar(50) NOT NULL,
  `phone` varchar(30) NOT NULL,
  `email` varchar(30) NOT NULL,
  `create_time` datetime NOT NULL,
  `valid` tinyint(4) NOT NULL
) ENGINE=InnoDB DEFAULT CHARSET=utf8mb4;

-- --------------------------------------------------------

--
-- 資料表結構 `cart`
--

CREATE TABLE `cart` (
  `id` int(6) UNSIGNED NOT NULL,
  `product_id` int(6) NOT NULL,
  `user_id` int(6) NOT NULL,
  `amount` int(6) NOT NULL
) ENGINE=InnoDB DEFAULT CHARSET=utf8mb4;

--
-- 傾印資料表的資料 `cart`
--

INSERT INTO `cart` (`id`, `product_id`, `user_id`, `amount`) VALUES
(1, 61, 1, 1),
(2, 61, 1, 1);

-- --------------------------------------------------------

--
-- 資料表結構 `coupons`
--

CREATE TABLE `coupons` (
  `id` int(6) UNSIGNED NOT NULL,
  `name` varchar(30) NOT NULL,
  `discount_code` varchar(50) NOT NULL,
  `discount_price` int(4) NOT NULL,
  `amount` int(3) DEFAULT NULL,
  `start_time` datetime DEFAULT NULL,
  `end_time` datetime DEFAULT NULL,
  `create_time` datetime DEFAULT NULL,
  `valid` int(11) NOT NULL
) ENGINE=InnoDB DEFAULT CHARSET=utf8mb4;

--
-- 傾印資料表的資料 `coupons`
--

INSERT INTO `coupons` (`id`, `name`, `discount_code`, `discount_price`, `amount`, `start_time`, `end_time`, `create_time`, `valid`) VALUES
(1, '新會員購物金', 'WELCOME100', 100, NULL, NULL, NULL, '2022-09-06 21:32:53', 1),
(2, '歡慶雙十國慶', 'HAPPY100', 100, 999, '2022-09-10 21:34:23', '2022-10-10 21:34:23', '2022-09-07 21:34:23', 1),
(3, '秋日慶典', 'AUTUMN120', 120, 999, '2022-09-10 21:37:35', '2022-10-31 21:37:35', '2022-09-06 21:37:35', 1),
(4, '測試用優惠券', 'TEST100', 100, 999, NULL, NULL, NULL, 1),
(5, '十月會員購物金', 'HAPPYOCT', 50, 999, '2022-10-01 00:00:01', '2022-10-31 23:59:59', '2022-09-16 14:21:54', 1),
(6, '運費折抵20', 'SHIPPING20', 20, 999, NULL, NULL, '2022-09-16 14:31:04', 1);

-- --------------------------------------------------------

--
-- 資料表結構 `coupons_get`
--

CREATE TABLE `coupons_get` (
  `id` int(10) UNSIGNED NOT NULL,
  `user_id` int(6) NOT NULL,
  `coupon_id` int(6) NOT NULL,
  `get_time` datetime NOT NULL,
  `valid` tinyint(4) DEFAULT NULL
) ENGINE=InnoDB DEFAULT CHARSET=utf8mb4;

--
-- 傾印資料表的資料 `coupons_get`
--

INSERT INTO `coupons_get` (`id`, `user_id`, `coupon_id`, `get_time`, `valid`) VALUES
(1, 1, 1, '2022-09-23 11:25:59', 0),
(2, 1, 5, '2022-09-23 11:25:59', 0),
(3, 1, 6, '2022-09-23 11:25:59', 0),
(4, 1, 2, '2022-09-23 11:25:59', 0),
(5, 1, 3, '2022-09-23 13:38:52', 1),
(6, 5, 1, '2022-09-24 15:24:37', 0),
(7, 5, 2, '2022-09-24 15:24:37', 0),
(8, 5, 3, '2022-09-24 15:51:51', 1),
(9, 6, 1, '2022-09-24 23:18:42', 0),
(10, 6, 3, '2022-09-24 23:18:42', 1),
(11, 6, 2, '2022-09-24 23:18:42', 0),
(12, 8, 1, '2022-09-24 23:18:42', 1),
(13, 8, 2, '2022-09-24 23:18:42', 0),
(14, 2, 1, '2022-09-26 10:41:32', 0),
(15, 2, 2, '2022-09-26 10:41:32', 0),
(16, 2, 3, '2022-09-26 10:41:32', 1),
(17, 2, 4, '2022-09-26 13:55:27', 1),
(18, 2, 5, '2022-09-26 13:55:27', 1),
(19, 2, 6, '2022-09-26 13:55:27', 1),
(20, 9, 1, '2022-09-27 10:12:43', 0),
(21, 9, 2, '2022-09-27 10:12:43', 1);

-- --------------------------------------------------------

--
-- 資料表結構 `order_detail`
--

CREATE TABLE `order_detail` (
  `id` int(10) UNSIGNED NOT NULL,
  `order_id` int(10) NOT NULL,
  `product_id` int(5) NOT NULL,
  `product_price` int(5) NOT NULL,
  `amount` int(4) NOT NULL
) ENGINE=InnoDB DEFAULT CHARSET=utf8mb4;

--
-- 傾印資料表的資料 `order_detail`
--

INSERT INTO `order_detail` (`id`, `order_id`, `product_id`, `product_price`, `amount`) VALUES
(1, 1, 2, 179, 2),
(2, 1, 126, 149, 2),
(3, 1, 103, 200, 4),
(4, 2, 60, 100, 4),
(5, 2, 75, 350, 2),
(6, 2, 151, 352, 1),
(7, 3, 137, 208, 2),
(8, 3, 162, 230, 2),
(9, 3, 34, 129, 2),
(10, 3, 50, 1203, 1),
(11, 4, 63, 250, 1),
(12, 4, 125, 269, 1),
(13, 4, 7, 220, 2),
(14, 5, 150, 888, 1),
(15, 5, 67, 320, 1),
(16, 6, 91, 100, 5),
(17, 6, 93, 100, 5),
(18, 6, 95, 100, 5),
(19, 7, 44, 149, 1),
(20, 7, 121, 219, 1),
(21, 7, 103, 200, 1),
(22, 8, 62, 220, 5),
(23, 8, 128, 129, 1),
(24, 9, 2, 179, 3),
(25, 9, 97, 190, 4),
(26, 9, 139, 136, 3),
(27, 10, 170, 174, 10),
(28, 11, 1, 156, 1),
(29, 11, 61, 160, 1),
(30, 11, 121, 219, 1),
(31, 11, 63, 250, 1),
(32, 11, 122, 210, 1),
(33, 12, 4, 216, 2),
(34, 12, 121, 219, 1),
(35, 12, 61, 160, 1),
(36, 12, 122, 210, 1),
(37, 12, 123, 149, 1),
(38, 12, 62, 220, 1),
(39, 12, 1, 156, 1),
(40, 12, 2, 179, 1),
(41, 12, 3, 350, 1),
(42, 13, 1, 156, 2),
(43, 13, 2, 179, 2),
(44, 13, 21, 55, 2),
(45, 13, 41, 199, 2),
(46, 13, 61, 160, 2),
(47, 13, 62, 220, 2),
(48, 13, 121, 219, 2),
(49, 13, 122, 210, 2),
(50, 13, 123, 149, 2),
(51, 14, 1, 156, 1),
(52, 14, 2, 179, 1),
(53, 14, 3, 350, 1),
(54, 14, 121, 219, 1),
(55, 14, 122, 210, 1),
(56, 14, 123, 149, 1),
(57, 14, 61, 160, 1),
(58, 15, 2, 179, 1),
(59, 15, 61, 160, 1),
(60, 15, 62, 220, 1),
(61, 15, 64, 380, 1),
(62, 15, 81, 380, 1),
(63, 15, 121, 219, 1),
(64, 15, 123, 149, 3),
(65, 16, 3, 350, 1),
(66, 16, 22, 239, 1),
(67, 16, 41, 199, 1),
(68, 16, 82, 140, 1),
(69, 16, 103, 200, 1),
(70, 16, 122, 210, 1),
(71, 16, 141, 149, 1),
(72, 16, 159, 194, 1),
(73, 16, 160, 282, 1),
(74, 16, 125, 269, 1),
(75, 17, 4, 216, 1),
(76, 17, 101, 220, 1),
(77, 17, 126, 149, 1),
(78, 17, 141, 149, 1),
(79, 18, 1, 156, 2),
(80, 18, 61, 160, 2),
(81, 19, 1, 156, 3),
(82, 19, 2, 179, 3),
(83, 19, 81, 380, 3),
(84, 19, 102, 200, 2),
(85, 19, 122, 210, 1),
(86, 20, 22, 239, 1),
(87, 20, 41, 199, 2),
(88, 20, 63, 250, 2),
(89, 20, 84, 300, 1),
(90, 20, 141, 149, 2),
(91, 21, 97, 190, 3),
(92, 21, 111, 400, 1),
(93, 21, 137, 208, 1),
(94, 21, 167, 379, 1),
(95, 21, 130, 139, 1),
(96, 22, 2, 179, 2),
(97, 22, 63, 250, 2),
(98, 22, 121, 219, 2),
(99, 23, 3, 350, 2),
(100, 23, 121, 219, 3);

-- --------------------------------------------------------

--
-- 資料表結構 `order_list`
--

CREATE TABLE `order_list` (
  `id` int(10) UNSIGNED NOT NULL,
  `order_sn` varchar(30) NOT NULL,
  `user_id` int(6) NOT NULL,
  `coupon_id` int(6) DEFAULT NULL,
  `status_id` int(3) NOT NULL,
  `total_price` int(6) NOT NULL,
  `create_time` datetime NOT NULL,
  `note` text DEFAULT NULL,
  `valid` tinyint(4) NOT NULL,
  `receiver_name` varchar(32) DEFAULT NULL,
  `receiver_phone` varchar(32) DEFAULT NULL,
  `receiver_address` varchar(128) DEFAULT NULL
) ENGINE=InnoDB DEFAULT CHARSET=utf8mb4;

--
-- 傾印資料表的資料 `order_list`
--

INSERT INTO `order_list` (`id`, `order_sn`, `user_id`, `coupon_id`, `status_id`, `total_price`, `create_time`, `note`, `valid`, `receiver_name`, `receiver_phone`, `receiver_address`) VALUES
(1, 'W20220923O1U1', 1, 1, 1, 1456, '2022-09-23 11:54:11', NULL, 1, '邱婉瑜', '0905033628', '桃園市中壢區新生路二段421號'),
(2, 'W20220923O2U1', 1, 0, 1, 1452, '2022-09-23 12:04:09', NULL, 1, '邱婉瑜', '0900000000', '桃園市桃園區桃園路1000號'),
(3, 'W20220923O3U1', 1, 6, 3, 2337, '2022-09-23 12:10:57', NULL, 1, '邱秋丘', '096666666', '桃園市八德區圈圈路12345號'),
(4, 'W20220923O4U1', 1, 5, 3, 959, '2022-09-23 14:16:06', NULL, 1, '邱媽媽', '0912121212', '桃園市桃園區縣府路1號'),
(5, 'W20220923O5U1', 1, 0, 3, 1208, '2022-09-23 14:17:51', NULL, 1, '邱婉瑜', '0912121212', '桃園市桃園區縣府路1號'),
(6, 'W20220923O6U1', 1, 2, 3, 1500, '2022-09-23 14:19:47', NULL, 1, '秋邱天', '0912121212', '桃園市桃園區縣府路1號'),
(7, 'W20220924O7U5', 5, 1, 1, 568, '2022-09-24 15:30:13', NULL, 1, '張婷婷', '0912121212', '光明派出所'),
(8, 'W20220924O8U5', 5, 2, 3, 1229, '2022-09-24 15:30:53', NULL, 1, '張婷婷', '0912121212', '光明派出所門口'),
(9, 'W20220924O9U6', 6, 2, 1, 1705, '2022-09-24 23:59:11', NULL, 1, '張至寧', '0900000000', '台北市立動物園熊貓館'),
(10, 'W20220925O10U6', 6, 0, 3, 1740, '2022-09-25 00:00:25', NULL, 1, '張艾迪', '0966666666', '台北市立動物園企鵝館國王企鵝'),
(11, 'W20220925O11U6', 6, 1, 1, 995, '2022-09-25 00:06:29', NULL, 1, '張至寧', '0912121212', '台北市動物園夜行性動物館'),
(12, 'W20220925O12U7', 7, 0, 1, 2075, '2022-09-25 00:17:24', NULL, 1, '范寧寧', '0912121212', '320桃園市中壢區新中北路二段481號'),
(13, 'W20220925O13U8', 8, 2, 1, 3094, '2022-09-25 00:34:42', NULL, 1, '黃秀莉', '0912121212', '334桃園市八德區永豐路589號'),
(14, 'W20220926O14U1', 1, 0, 1, 1423, '2022-09-26 00:24:18', NULL, 1, '邱爸爸', '0912121212', '桃園市中壢區莊敬路103號'),
(15, 'W20220926O15U2', 2, 0, 1, 1985, '2022-09-26 11:11:35', NULL, 1, '林宛萱', '0923232323', '320桃園市中壢區慈惠三街139號'),
(16, 'W20220926O16U2', 2, 1, 1, 2232, '2022-09-26 11:16:02', NULL, 1, '林宛萱', '0900000011', '320桃園市中壢區慈惠三街139號'),
(17, 'W20220926O17U2', 2, 0, 3, 734, '2022-09-26 11:17:32', NULL, 1, '林宣萱', '0912121212', '320桃園市中壢區慈惠三街139號'),
(18, 'W20220926O18U2', 2, 2, 3, 632, '2022-09-26 12:04:12', NULL, 1, '張婷婷', '0912121212', 'AAA'),
(19, 'W20220927O19U9', 9, 0, 1, 2755, '2022-09-27 11:45:01', NULL, 1, '高虹安', '0933333333', '100台北市中正區中山南路1號'),
(20, 'W20220927O20U9', 9, 0, 1, 1735, '2022-09-27 11:50:39', NULL, 1, '高虹安', '0912121212', '100台北市中正區中山南路1號'),
(21, 'W20220927O21U9', 9, 1, 3, 1696, '2022-09-27 12:01:10', NULL, 1, '高虹安', '0912121212', '100台北市中正區中山南路1號'),
(22, 'W20220927O22U9', 9, 0, 3, 1296, '2022-09-27 14:07:35', NULL, 1, '張婷婷', '0912121212', 'AAA'),
(23, 'W20220927O23U13', 13, 0, 1, 1357, '2022-09-27 15:26:29', NULL, 1, '蔣萬安', '0992929292', '100台北市中正區中山南路21號');

-- --------------------------------------------------------

--
-- 資料表結構 `order_status`
--

CREATE TABLE `order_status` (
  `id` int(10) UNSIGNED NOT NULL,
  `name` varchar(30) NOT NULL
) ENGINE=InnoDB DEFAULT CHARSET=utf8mb4;

--
-- 傾印資料表的資料 `order_status`
--

INSERT INTO `order_status` (`id`, `name`) VALUES
(1, '已完成'),
(2, '已取消'),
(3, '處理中');

-- --------------------------------------------------------

--
-- 資料表結構 `products`
--

CREATE TABLE `products` (
  `id` int(5) UNSIGNED NOT NULL,
  `name` varchar(50) COLLATE utf8mb4_unicode_ci NOT NULL,
  `description` text COLLATE utf8mb4_unicode_ci NOT NULL,
  `price` int(5) NOT NULL,
  `empty_img` varchar(30) COLLATE utf8mb4_unicode_ci NOT NULL,
  `image` varchar(50) COLLATE utf8mb4_unicode_ci NOT NULL,
  `category_id` int(3) NOT NULL,
  `launch_time` date NOT NULL,
  `off_time` date NOT NULL,
  `stock` int(11) NOT NULL,
  `product_intro` text COLLATE utf8mb4_unicode_ci NOT NULL,
  `intro_img` varchar(30) COLLATE utf8mb4_unicode_ci NOT NULL,
  `valid` tinyint(4) NOT NULL
) ENGINE=InnoDB DEFAULT CHARSET=utf8mb4 COLLATE=utf8mb4_unicode_ci;

--
-- 傾印資料表的資料 `products`
--

INSERT INTO `products` (`id`, `name`, `description`, `price`, `empty_img`, `image`, `category_id`, `launch_time`, `off_time`, `stock`, `product_intro`, `intro_img`, `valid`) VALUES
(1, 'Pacific Foods Organic Oat Original 植物牛奶,有機燕麥 - 原創,', '\n~．絕佳的牛奶替代品,可作為飲料、穀片或從肉汁到杯子蛋糕的一切食用。不含酵母。猶太潔食品。\n~．鈣和維他命 D 的良好來源是低脂肪、乳糖、膽固醇、角叉菜膠、無酵母、無大豆、素食主義者,包括 4 克蛋白質和 17 克添加糖。\n~．12 包32 盎司紙盒。 可架式不含雙酚 A 的紙盒保留風味和新鮮度。 開封後冷藏。', 156, 'milk1001', 'milk1001.jpg', 1, '2022-01-01', '0000-00-00', 0, 'Pacific Foods 有機燕麥原味牛奶讓燕麥的甜味閃耀在這款奶油飲料中。~ 富含鈣和維他命 D 的良好來源,這款飲料也含有低脂、乳糖、膽固醇和無大豆成分,是純素食主義者,並通過 USDA 有機認證。~ 在 Pacific Foods,我們非常自豪地使用盡可能靠近家的簡單食譜和乾淨的食材。~ 我們避免使用防腐劑、添加劑和轉基因生物,並始終會。~ 我們的使命是滋養每一個身體,一次一餐。~ ​', '', 1),
(2, '咖啡師燕麥奶 (1000ml)', '~．純素食，乳糖不耐症者可食\n~．不添加增稠劑或穩定劑\n~．無麩質全穀燕麥使用', 179, 'milk1002', 'milk1002.jpg', 1, '2022-01-03', '0000-00-00', 0, '原味燕麥奶選用高品質無麩質燕麥，無堅果類製品、無添加糖、增稠劑、穩定劑，不含動物性乳品、全素食、含維生素D、B2、B12。~', '', 1),
(3, '咖啡大師燕麥奶(1L/罐)', '~．適合喜歡牛奶但不想喝奶製品的\n~．無糖、但散發燕麥微甜香氣\n~．與麥片一起食用更能展現穀物風味', 350, 'milk1003', 'milk1003.jpg', 1, '2022-01-02', '0000-00-00', 0, '咖啡大師燕麥奶+無糖經典燕麥奶, 適合喜歡牛奶但不想喝奶製品的,無糖、但散發燕麥微甜香氣,與麥片一起食用更能展現穀物風味', '', 1),
(4, '無糖燕麥奶 (1L/瓶) ', '~．燕麥富含膳食纖維增加飽足感\n~．自然細緻的綿密燕麥', 216, 'milk1004', 'milk1004.jpg', 1, '2022-01-04', '0000-00-00', 0, '本產品因堅果類本身含脂肪和蛋白質，而脂肪與蛋白質都是原先不溶於水的成份，故當結冰時會造成已混合好的蛋白質、油脂與水分離，故即使退冰後，也不會再混和了。~\n建議保存於冰箱內盡量避免溫度低於攝氏0度，以攝氏2至5度為最佳保存溫度，開封後請於一周內食用完畢。~(冰箱冷藏內部溫度以最下層和靠近冰壁的溫度最低，有時會低於0度，故長時間與之接觸也有可能造成結冰的現象發生)~\n開封後請於一周內盡速食用完畢，以確保產品保持最新鮮的狀態~', '', 1),
(5, '咖啡大師燕麥奶+無糖經典燕麥奶', '~．適合喜歡牛奶但不想喝奶製品的\n~．無糖、但散發燕麥微甜香氣\n~．與麥片一起食用更能展現穀物風味', 339, 'milk1005', 'milk1005.jpg', 1, '2022-01-01', '0000-00-00', 0, '1.商品組合/規格：1000ml/罐~\n2.商品品名：[紐西蘭 Otis Oat Milk] 無糖經典燕麥奶(1000ml/罐)~\n3.商品重(容)量：1000ml~\n4.內容物成分(如含有豬、牛成分請加註國別)：~\n5.食品添加物名稱：-~\n6.原產地(國)：瑞典~\n7.製造廠商或國內負責廠商名稱：饌元有限公司~\n8.製造廠商或國內負責廠商地址：台北市南港區八德路四段 768 巷 1 弄 20 號 3 樓之 1~\n9.製造廠商或國內負責廠商電話：02-7751-5350~', '', 1),
(6, '咖啡大師無糖燕麥奶', '~．口感 : 濃郁、去除燕麥澀味，適合喜歡牛奶但不想喝奶製品的你\n~．用途 : 咖啡大師系列可調配出濃濃的奶泡，DIY燕麥奶拿鐵\n~．搭配: 無糖、但散發燕麥微甜香氣', 198, 'milk1006', 'milk1006.jpg', 1, '2022-01-03', '0000-00-00', 0, '口感: 濃郁、去除燕麥澀味，適合喜歡牛奶但不想喝奶製品的你．用途: 咖啡大師系列可調配出濃濃的奶泡~', '', 1),
(7, '比酷咖啡職人 燕麥奶 1000ml/瓶', '~．獨家比例，完美融入各式咖啡\n~．含鈣CA+！每份120mg\n~．三種維生素，營養再加分\n', 220, 'milk1007', 'milk1007.jpg', 1, '2022-01-02', '0000-00-00', 0, '1.商品組合/規格：1000ml/1入~\n2.商品品名：【比酷】咖啡職人燕麥奶~\n3.商品重(容)量：1000毫升~\n4.內容物成分(如含有豬、牛成分請加註國別)：燕麥基底(水、燕麥10%)、油菜籽油、磷酸氫二鉀、碳酸鈣、磷酸鈣、鹽、維生素D3、維生素B2、維生素B12~\n5.食品添加物名稱：無~\n6.原產地(國)：瑞典~', '', 1),
(8, '咖啡師燕麥奶 (1000ml/瓶) ', '~．OATLY來自於瑞典，是歐洲燕麥製品領域的品牌。\n~．瑞典禁止使用多種殺蟲劑，使燕麥的食用安全受到保障。且不添加防腐劑、人工色素及化學調味料。\n~．OATLY希望為大家帶來的是一種生活方式，用更多醇味的產品味大家增添營養，而不是僅僅提供乳製品的替代品。\n~．此款咖啡師燕麥奶廣受知名咖啡店使用，主打容易發泡，讓咖啡師可以掌控泡沫的密度和呈現。', 239, 'milk1008', 'milk1008.jpg', 1, '2022-01-04', '0000-00-00', 0, '來自瑞典的 Oatly 燕麥奶大品牌秉持三大核心理念：永續發展（Sustainability ）、營養健康（Nutrition and Health）與信任（Trust），致力於研發出健康又美味的燕麥奶產品！~2019 年 Fast Company 更將 Oatly 評為全球創新力公司排名第九的公司，如今 Oatly 被公認為最受歡迎、最具生命力的瑞典品牌之一，其中咖啡師口味就連星巴克、Blue Bottle 也愛用，更在台灣咖啡廳刮起燕麥奶拿鐵的旋風！~', '', 1),
(9, '咖啡大師-燕麥奶 (1000ml/瓶) (全素)', '~．鈣含量與牛奶相同\n~．生產燕麥奶比牛奶減少35 %的碳排放量, 比杏仁少用85~90%的水量\n~．易形成奶泡適合咖啡店使用與拿鐵拉', 199, 'milk1009', 'milk1009.jpg', 1, '2022-01-01', '0000-00-00', 0, '商品品名：Minor Figures 小人物咖啡大師-燕麥奶~\n商品重(容)量：1000ml/瓶~\n內容物名稱(成分)：水, 燕麥, 油菜籽油, 磷酸三鈣, 碳酸鈣, 鹽~\n食品添加物名稱：無~\n原產地(國)：英國~\n製造廠商或國內負責廠商名稱：幸運福有限公司~', '', 1),
(10, 'Barista系列 咖啡師燕麥奶 1000ml', '~．素食者也能安心飲用\n~．精品咖啡豆專用，完美襯托\n~．無乳糖、無膽固醇、無麩質', 209, 'milk1010', 'milk1010.jpg', 1, '2022-01-03', '0000-00-00', 0, '1.商品組合/規格：1000ml/罐~\n2.商品品名：[澳洲 SO GOOD] Barista系列 咖啡師燕麥奶 (1000ml) (全素)~\n3.商品重(容)量：1000ml~\n4.內容物成分(如含有豬、牛成分請加註國別)：-~\n5.食品添加物名稱：-~\n6.原產地(國)：澳洲~\n7.製造廠商或國內負責廠商名稱：饌元有限公司~\n8.製造廠商或國內負責廠商地址：台北市南港區八德路四段 768 巷 1 弄 20 號 3 樓之 1~', '', 1),
(11, '餐飲專家推薦-咖啡大師燕麥奶 1L/罐', '~．原味無糖風味清爽\n~．喝起來帶有微微輕甜豆奶香質地輕盈、滑潤順口', 109, 'milk1011', 'milk1011.jpg', 1, '2022-01-02', '0000-00-00', 0, '成分:燕麥基底(水,無麩質燕麥),油菜籽油,碳酸鈣,磷酸氫二鉀,磷酸鈣,海鹽,結蘭膠,維生素(維生素B2,葉酸,維生素D2,維生素B12)。~   容量:1公升~\n~\n．本產品含有燕麥製品   ~\n\n原產地:英國~', '', 1),
(12, '無糖咖啡大師燕麥奶', '~．濃郁且天鵝絨般滑順 - 美味、植物性、無糖的咖啡奶精,奶油度為半半半 \n', 159, 'milk1012', 'milk1012.jpg', 1, '2022-01-04', '0000-00-00', 0, '成分:水,燕麥,油菜籽油,葵花籽油,鹽,分離蠶豆蛋白,碳酸鉀。~       \n\n．本產品含有麩質穀物製品~\n\n容量:1公升        ~\n\n原產地:英國~', '', 1),
(13, '生機原味燕麥奶1L', '~．每份零糖 - nutpods 是由杏仁和椰子製成的豐富、光滑的奶精,可滿足您的所有無乳製品的渴望和無糖。 ~．非常適合遵循生酮、植物性(素食)、素食、無乳糖飲食的人', 108, 'milk1013', 'milk1013.jpg', 1, '2022-01-01', '0000-00-00', 0, '．貼心標語: 飲用前請搖勻,如有沉澱物屬正常現象,請安心飲用。~\n\n．本產品因堅果類本身含脂肪和蛋白質，而脂肪與蛋白質都是原先不溶於水的成份，故當結冰時會造成已混合好的蛋白質、油脂與水分離，故即使退冰後，也不會再混和了。~\n建議保存於冰箱內盡量避免溫度低於攝氏0度，以攝氏2至5度為最佳保存溫度，開封後請於一周內食用完畢。~(冰箱冷藏內部溫度以最下層和靠近冰壁的溫度最低，有時會低於0度，故長時間與之接觸也有可能造成結冰的現象發生)\n開封後請於一周內盡速食用完畢，以確保產品保持最新鮮的狀態~', '', 1),
(14, '咖啡大師燕麥奶 (1L/罐)', '~．天然無添加烘烤杏仁風味\n~．保有杏仁淡雅香氣，入口滑順香醇\n~．嚴選烘烤杏仁的堅果韻味，添加新鮮水果，更能增加乳品口感', 195, 'milk1014', 'milk1014.jpg', 1, '2022-01-03', '0000-00-00', 0, '原味燕麥奶選用高品質無麩質燕麥，無堅果類製品、無添加糖、增稠劑、穩定劑，不含動物性乳品、全素食、含維生素D、B2、B12。~', '', 1),
(15, '咖啡大師 豆奶 (1L)', '~．口感濃郁，無糖、無麩質！\n~．100%加拿大燕麥製作\n~．無澀味的燕麥，展現自然風味', 179, 'milk1015', 'milk1015.jpg', 1, '2022-01-02', '0000-00-00', 0, '【精品咖啡師首選，來自澳洲的濃厚系植物奶】~ ．澳洲生產 ．全素可食 ．無添加人工香料及防腐劑~ ．不含乳糖、麩質、膽固醇和乳製品 ．微糖 ．低飽和脂肪 ．適合單飲、調製茶、咖啡與拉花\n\n', '', 1),
(16, '[植人藍圖] 咖啡用燕麥奶 (946ml/罐)', '・生鮮品請低溫冷藏\n・開封後請儘速用畢\n・飲用前請充分搖勻', 240, 'milk1016', 'milk1016.jpg', 1, '2022-01-04', '0000-00-00', 0, '「植人藍圖燕麥奶」研發期間，即深入了解咖啡師的使用需求，讓最終產製的成品，得以符合歐美咖啡專用燕麥奶的標準，與精品咖啡完美融合，打出綿密細緻的奶泡、拉出多重變化的拉花。~\n更重要的是，除了與咖啡搭配外，直接飲用的風味也順口好喝。~不僅在家就能品嚐到和咖啡廳相同質地的植物奶奶泡，也能輕鬆攝取每日所需的營養，成為健康新生活的起點！~\n比市售保久型燕麥奶更濃郁香醇，喝得到新鮮燕麥香甜滋味！~', '', 1),
(17, '[芬蘭 AITO] BARISTA 咖啡大師燕麥奶 (1000ml/瓶)', '~．每份 含糖 8.8g｜熱量 145 kcal｜10.0%燕麥含量\n~．純素可用 無麩質 無乳糖 無添加糖\n~．芬蘭進口，採用當地國寶燕麥\n~．添加維他命B2、D2、鈣，補充植物奶欠缺的微量營養素\n~．咖啡大師系列專門設計做為拿鐵拉花用途\n~．濃郁的燕麥奶可以輕鬆做出綿密的奶泡\n~．豐厚穀香與深焙咖啡完美契合', 209, 'milk1017', 'milk1017.jpg', 1, '2022-01-01', '0000-00-00', 0, '自然細緻的綿密燕麥 ，加入咖啡或冰沙之中增添口感，交織絲滑乳香，風味更佳！~ 非基因改造原料，友善環境包裝設計，歐洲原裝進口。~', '', 1),
(18, '[Havredals]原味/咖啡師燕麥奶(1L)', '\n~．製造過程中使用了比一般燕麥奶多出40%的燕麥\n\n~．不添加任何糖分，口感豐富綿密、帶有自然甜味、保留膳食纖維\n', 169, 'milk1018', 'milk1018.jpg', 1, '2022-01-03', '0000-00-00', 0, '除了100%使用瑞典本地農產的燕麥外~\n製造過程中使用了比一般燕麥奶多出40%的燕麥~\n不添加任何糖分，口感豐富綿密、帶有自然甜味、保留膳食纖維~\n單飲好喝，也非常適合搭配咖啡、奶昔、紅茶、麥片等一起享用。~\n一款特別為咖啡師研發的燕麥奶，使用的是同樣的原料以及類似的製作流程~\n為了更加適合搭配各式各樣的咖啡豆，咖啡師版本調降了燕麥本身的麥味以及甜味，也更適合拉花。~', '', 1),
(19, '[Havredals]原味/咖啡師燕麥奶(1L)', '\n~．製造過程中使用了比一般燕麥奶多出40%的燕麥\n\n~．不添加任何糖分，口感豐富綿密、帶有自然甜味、保留膳食纖維\n', 169, 'milk1019', 'milk1019.jpg', 1, '2022-01-02', '0000-00-00', 0, 'HAVREDALS 的燕麥奶，除了100%使用瑞典本地農產的燕麥外，因製造過程中使用了比一般燕麥奶多出40%的燕麥，並不添加任何糖分，~口感豐富綿密、帶有自然甜味、保留膳食纖維，不但單飲好喝，也非常適合搭配咖啡、奶昔、紅茶、麥片等一起享用。~\n\n', '', 1),
(20, 'OATSIDE 職人燕麥植物奶 1L', '~．採用西澳洲最高級的燕麥，燕麥經火烤不水蒸，才能讓燕麥發揮天然的麥芽香氣和堅果風味。\n~．OATSIDE是新加坡品牌，工廠位於空氣清新，無污染的印尼爪哇島萬隆山區。\n~．不油膩，濃郁卻不會跟咖啡/茶搶味。', 195, 'milk1020', 'milk1020.jpg', 1, '2022-01-04', '0000-00-00', 0, '容量(ml) / 1000~\n保存期限(天) / 365~\n保存條件 / 避免陽光直射，請存放於陰涼乾燥處，產品可能輕微產生沉澱現象，飲用前請搖勻，開封後需冷藏(4℃以下)並請於5天內飲用完畢以確保品質~\n產地 / 印尼~\n尺寸 / 9X6X20CM~\n級別 / 無~\n語言 / 無~\n效期說明 / 以消費者收受日起算，至少具有效日期前92日以上~\n裝訂 / 無~', '', 1),
(21, '[Roots Foods] 優源好食 原味杏仁奶 (300ml/瓶)', '~．萃取亞洲飲食元素的精緻植物奶，是我們對傳統的堅持 ~．真材實料，添加 6 % 杏核仁量，高於業界平均三倍 ~．即開即飲，精心旋蓋設計保鮮又便利', 55, 'milk2001', 'milk2001.jpg', 2, '2022-01-01', '0000-00-00', 0, '優源好食杏仁奶使用傳統杏仁茶原料— 杏核仁製成，富含植物性蛋白質、低糖、低碳水化合物，且無乳糖，非常適合純素、健康、體重管理的族群享用！', '', 1),
(22, '[美國 Califia Farms] 杏仁奶-咖啡師配方 (946ml/瓶)', '~．每份 碳水2.5g ｜熱量 31 kcal ｜蛋白質 0.8g\n~．低糖分、非基改原料、無麩質\n~．特地為咖啡師設計的一款專用杏仁奶，容易打出綿密豐盈的奶泡且拉花效果更是一流！', 239, 'milk2002', 'milk2002.jpg', 2, '2022-01-03', '0000-00-00', 0, 'Califia Farms來自美國加州，相信食物應該回到它最原始提供營養的初衷，透過這個理念及提供以植物為原料的產品，希望可以和大家一起為地球永續盡一份心力。~\n\nLet’s eat, learn and love together.~\n\n全新咖啡師配方無添加糖份也不含乳糖，堅果，卡拉膠及穩定劑，口感清爽純飲就很好喝，並可以做完美的發泡及拉花，與咖啡結合後呈現不同的香氣，例如焦糖，堅果...等風味。~', '', 1),
(23, '[Roots Foods] 優源好食黑芝麻杏仁飲 (300ml/入) ', '~．本組合包含黑芝麻杏仁飲 12 入 + 原味杏仁奶 12 入：一次享用兩種口味的杏仁飲！\n~．嚴選優質植物食材製成，補充完整植物蛋白質。\n~．100% 無添加人工香精、色素或防腐劑。\n~．即開即飲，精心旋蓋設計保鮮又便利。\n~．此組合為混搭產品，因此會拆箱從新包裝無法保持完封箱，請見諒！~．\n', 239, 'milk2003', 'milk2003.jpg', 2, '2022-01-02', '0000-00-00', 0, '嚴選三大植物營養：光中杏 X 黑芝麻 X 蕎麥 ．~完整蛋白質 ．純植物來源 ．台灣製造 ．早餐、下午茶、宵夜都可以享用~', '', 1),
(24, '[美國 Califia Farms] 杏仁奶-咖啡師配方 ．3瓶 (946ml/瓶)', '~．每份 碳水2.5g ｜熱量 31 kcal ｜蛋白質 0.8g\n~．低糖分、非基改原料、無麩質\n~．適合乳糖不耐、牛奶蛋白過敏者\n~．特地為咖啡師設計的一款專用杏仁奶，容易打出綿密豐盈的奶泡且拉花效果更是一流！', 717, 'milk2004', 'milk2004.jpg', 2, '2022-01-04', '0000-00-00', 0, '．每份 碳水1.7g ｜熱量 22 kcal ｜蛋白質 0.4g~\n．採用義大利非基改堅果~\n．高纖低卡無負擔，減少乳牛產量，一起減碳愛地球!~\n\n．貼心標語: 飲用前請搖勻,如有沉澱物屬正常現象,請安心飲用。~', '', 1),
(25, '[加拿大 NATURA] 咖啡大師原味杏仁奶 (946ml/瓶)', '~．加拿大進口，嚴格品質把關的杏仁奶\n~．經典原味，搭配穀物、麥片，讓你的早晨更豐富\n~．口感過多清爽不厚重，搭配咖啡也不會覆蓋咖啡豆的香氣～', 139, 'milk2005', 'milk2005.jpg', 2, '2022-01-01', '0000-00-00', 0, '原味燕麥奶選用高品質無麩質燕麥，無堅果類製品、無添加糖、增稠劑、穩定劑，不含動物性乳品、全素食、含維生素D、B2、B12。~', '', 1),
(26, '[RUDE HEALTH] 天然杏仁奶1L', '~．採用香氣濃郁的義大利杏仁與大米、純淨天然山泉水、有機冷壓葵花籽油\n~．採低溫烘培方式釋放出杏仁獨特的濃郁香氣，不含增稠劑、不加糖，推薦給對麩質過敏朋友的新風味！', 280, 'milk2006', 'milk2006.jpg', 2, '2022-01-03', '0000-00-00', 0, '名稱：Rude health天然杏仁奶~\n產地：英國~\n成分：天然泉水、米、義大利杏仁、冷壓葵花籽油、海鹽。~\n\n規格容量：1000ml~', '', 1),
(27, '[TERRAEPANE] 經典系列無加糖植物奶 (1000ml/瓶) (全素) 杏仁米奶', '~．來自義大利四十年歷史的家族品牌\n~．擁有猶太潔食認證的植物奶\n~．品牌首創義大利無麩質燕麥奶\n~．高成本使用冷壓葵花籽油', 230, 'milk2007', 'milk2007.jpg', 2, '2022-01-02', '0000-00-00', 0, '\"．每份 碳水1.7g ｜熱量 22 kcal ｜蛋白質 0.4g~\n．採用義大利非基改堅果~\n．高纖低卡無負擔，減少乳牛產量，一起減碳愛地球!~\n\n。貼心標語: 飲用前請搖勻,如有沉澱物屬正常現象,請安心飲用。~\"', '', 1),
(28, '[西班牙Vivesoy] 杏仁奶 (1L/罐)', '~．順口沒有澀味\n\n~．精緻細膩的杏仁香氣', 169, 'milk2008', 'milk2008.jpg', 2, '2022-01-04', '0000-00-00', 0, '每100ml熱量僅14大卡~\n\n無添加糖,不含防腐劑~\n\n100%西班牙原料製造~\n\n', '', 1),
(29, '【HEARTFELT 用心】杏仁奶200ml x6入', '~．非乳製品.乳糖不耐症可食用\n~．無麩質.無香料.不含防腐劑\n~．採用糙米粉.增添膳食纖維', 127, 'milk2009', 'milk2009.jpg', 2, '2022-01-01', '0000-00-00', 0, '1.商品組合/規格：HEARTFELT 用心杏仁奶200ml．6入~\n2.商品品名：HEARTFELT 用心杏仁奶200ml．6入~\n3.商品重(容)量：HEARTFELT 用心杏仁奶200ml．6入~\n4.內容物名稱(成分)： 如圖示~\n5.食品添加物名稱：如圖示~\n6.原產地(國)：台灣~\n7.製造廠商或國內負責廠商名稱：英屬維爾京群島寶貝有限公司台灣分公司~\n8.製造廠商或國內負責廠商地址：北市北平東路30號14F之 1~', '', 1),
(30, '【137 degrees】原味杏仁奶（無糖／無蜜）1000ml＊4入\n', '~．健康的單純美味\n~．純素／無乳糖\n\n', 940, 'milk2010', 'milk2010.jpg', 2, '2022-01-03', '0000-00-00', 0, '1.商品組合/規格：4瓶~\n2.商品品名：137 degrees 原味杏仁奶（無糖／無蜜）~\n3.商品重(容)量：1000ml/瓶~\n4.內容物成分(如含有豬、牛成分請加註國別)：如包裝所示~\n5.食品添加物名稱：無~\n6.原產地(國)：泰國~\n7.製造廠商或國內負責廠商名稱：玥艿實業有限公司~', '', 1),
(31, '【Elmhurst1925】咖啡大師杏仁奶 946mL 六入 ', '~．杏仁奶不是杏仁茶\n~．無麩質. 無乳糖 . 全素可食', 1314, 'milk2011', 'milk2011.jpg', 2, '2022-01-02', '0000-00-00', 0, '1.商品組合/規格：946mL．6~\n2.商品品名：Elmhurst1925 咖啡大師杏仁奶 946mL 六入~\n3.商品重(容)量：4730mL~\n4.內容物成分(如含有豬、牛成分請加註國別)：水，杏仁，米，蔗糖，磷酸氫二鉀，鹽~\n5.食品添加物名稱：無~\n6.原產地(國)：美國~\n7.製造廠商或國內負責廠商名稱：威寇有限公司~\n8.製造廠商或國內負責廠商地址：407台中市西屯區大有三街29號2樓~', '', 1),
(32, '[澳洲 SO GOOD] 原味杏仁奶 6入組 (1000ml/瓶)', '~．每份 碳水 9.7g ｜熱量 74 kcal ｜蛋白質 1.4g｜含糖 8.6 g｜2.5% 杏仁含量 \n~．Sanitarium以開發方便且具營養的早餐為目的，並隨著全球食物趨勢推出一系列So Good植物飲品\n~．澳洲原裝進口的So Good以新鮮杏仁製成，保留杏仁的維生素和礦物質，並可嘗到杏仁的自然清香\n~．無乳糖、無膽固醇、無麩質、無人工色素香料，全素可食用', 999, 'milk2012', 'milk2012.jpg', 2, '2022-01-04', '0000-00-00', 0, '每份 碳水1.7g ｜熱量 22 kcal ｜蛋白質 0.4g~\n採用義大利非基改堅果~\n高纖低卡無負擔，減少乳牛產量，一起減碳愛地球!~\n貼心標語: 飲用前請搖勻,如有沉澱物屬正常現象,請安心飲用。~', '', 1),
(33, '[比利時 ALPRO] 職人杏仁奶 1L (全素)', '~．每份 碳水 2.5 g ｜熱量 24 kcal ｜蛋白質 0.5g｜含糖 2.5g\n~．100%植物成分\n~．含鈣、無乳糖、低脂\n~．咖啡師起泡專用植物飲品\n~．2017荷蘭冠軍拉花師推薦', 102, 'milk2013', 'milk2013.jpg', 2, '2022-01-01', '0000-00-00', 0, '。本產品因堅果類本身含脂肪和蛋白質，而脂肪與蛋白質都是原先不溶於水的成份，故當結冰時會造成已混合好的蛋白質、油脂與水分離，故即使退冰後，也不會再混和了。~\n建議保存於冰箱內盡量避免溫度低於攝氏0度，以攝氏2至5度為最佳保存溫度，開封後請於一周內食用完畢。~(冰箱冷藏內部溫度以最下層和靠近冰壁的溫度最低，有時會低於0度，故長時間與之接觸也有可能造成結冰的現象發生)~\n開封後請於一周內盡速食用完畢，以確保產品保持最新鮮的狀態~', '', 1),
(34, '[比利時 ALPRO] 黑巧克力杏仁奶 1L', '~．每份 碳水 6.9 g ｜熱量 47 kcal ｜蛋白質 0.8g｜含糖 6.9g\n~．濃郁黑巧克力結合烘烤杏仁，口感濃郁滑順\n~．含膳食纖維、鈣、維生素D、維生素B2\n~．無乳糖、低脂、無添加人工甜味劑', 129, 'milk2014', 'milk2014.jpg', 2, '2022-01-03', '0000-00-00', 0, '原味燕麥奶選用高品質無麩質燕麥，無堅果類製品、無添加糖、增稠劑、穩定劑，不含動物性乳品、全素食、含維生素D、B2、B12。~', '', 1),
(35, '[壽滿趣] LITTLE ISLAND紐西蘭小島有機植物奶 1L(巧克力植物奶)', '~．紐西蘭原瓶進口\n~．紐西蘭有機認證\n~．無乳製品全素可', 220, 'milk2015', 'milk2015.jpg', 2, '2022-01-02', '0000-00-00', 0, '每份 碳水1.7g ｜熱量 22 kcal ｜蛋白質 0.4g~\n採用義大利非基改堅果~\n高纖低卡無負擔，減少乳牛產量，一起減碳愛地球!~\n貼心標語: 飲用前請搖勻,如有沉澱物屬正常現象,請安心飲用。~', '', 1),
(36, '[壽滿趣] LITTLE ISLAND紐西蘭小島有機植物奶 1L(杏仁奶)', '~．紐西蘭原瓶進口\n~．紐西蘭有機認證\n~．無乳製品全素可', 220, 'milk2016', 'milk2016.jpg', 2, '2022-01-04', '0000-00-00', 0, '每份 碳水1.7g ｜熱量 22 kcal ｜蛋白質 0.4g~\n採用義大利非基改堅果~\n高纖低卡無負擔，減少乳牛產量，一起減碳愛地球!~\n貼心標語: 飲用前請搖勻,如有沉澱物屬正常現象,請安心飲用。~', '', 1),
(37, '[壽滿趣] LITTLE ISLAND紐西蘭小島有機植物奶 1L(高鈣植物奶)', '~．紐西蘭原瓶進口\n~．紐西蘭有機認證\n~．無乳製品全素可', 220, 'milk2017', 'milk2017.jpg', 2, '2022-01-01', '0000-00-00', 0, '每份 碳水1.7g ｜熱量 22 kcal ｜蛋白質 0.4g~\n採用義大利非基改堅果~\n高纖低卡無負擔，減少乳牛產量，一起減碳愛地球!~\n貼心標語: 飲用前請搖勻,如有沉澱物屬正常現象,請安心飲用。~', '', 1),
(38, 'Califia Farms 原味杏仁奶', '~．每食用份量只含60卡路里\n~．含鈣量是牛奶的1.5倍以上\n~．採用非基因改造的杏仁\n~．不含豆類、乳製品、麩質及鹿角菜膠、非基因改造、猶太食品認證/ Kosher認證、純素、不含BPA（雙酚A）', 270, 'milk2018', 'milk2018.jpg', 2, '2022-01-03', '0000-00-00', 0, '成份：杏仁奶（水、杏仁）、蔗糖、碳酸鈣、乳化劑(向日葵卵磷脂)、海鹽、酸度調節劑(檸檬酸鉀)、天然香料、增稠劑（刺槐豆膠、結冷膠）', '', 1),
(39, '堅果作用 杏仁果奶 (無糖)', '~．新潮的植物奶早餐選擇。\n~．提供每日所需的維他命E，讓你容光煥發。\n~．高鈣，支持骨密度。\n', 140, 'milk2019', 'milk2019.jpg', 2, '2022-01-02', '0000-00-00', 0, '．本產品因堅果類本身含脂肪和蛋白質，而脂肪與蛋白質都是原先不溶於水的成份，故當結冰時會造成已混合好的蛋白質、油脂與水分離，故即使退冰後，也不會再混和了。~\n建議保存於冰箱內盡量避免溫度低於攝氏0度，以攝氏2至5度為最佳保存溫度，開封後請於一周內食用完畢。~(冰箱冷藏內部溫度以最下層和靠近冰壁的溫度最低，有時會低於0度，故長時間與之接觸也有可能造成結冰的現象發生)\n開封後請於一周內盡速食用完畢，以確保產品保持最新鮮的狀態~', '', 1),
(40, '[比利時 ALPRO] 經典香蕉植物奶 (1L/罐)', '~．每份僅含58 大卡/ 蛋白質3%\n~．脂肪含量僅1.8%', 100, 'milk2020', 'milk2020.jpg', 2, '2022-01-04', '0000-00-00', 0, '．本產品因堅果類本身含脂肪和蛋白質，而脂肪與蛋白質都是原先不溶於水的成份，故當結冰時會造成已混合好的蛋白質、油脂與水分離，故即使退冰後，也不會再混和了。~\n建議保存於冰箱內盡量避免溫度低於攝氏0度，以攝氏2至5度為最佳保存溫度，開封後請於一周內食用完畢。~(冰箱冷藏內部溫度以最下層和靠近冰壁的溫度最低，有時會低於0度，故長時間與之接觸也有可能造成結冰的現象發生)~\n開封後請於一周內盡速食用完畢，以確保產品保持最新鮮的狀態~', '', 1),
(41, '[Milkadamia] 夏威夷堅果奶 咖啡師配方 (全素) 多入組', '~．每份 碳水 2.7g ｜熱量 26 kcal ｜蛋白質 0.3g ｜含糖 2.3g\n~．超低熱量低碳、全新生活\n~．無奶、無麩質', 199, 'milk3001', 'milk3001.jpg', 3, '2022-01-01', '0000-00-00', 0, '．本產品因堅果類本身含脂肪和蛋白質，而脂肪與蛋白質都是原先不溶於水的成份，故當結冰時會造成已混合好的蛋白質、油脂與水分離，故即使退冰後，也不會再混和了。~\n建議保存於冰箱內盡量避免溫度低於攝氏0度，以攝氏2至5度為最佳保存溫度，開封後請於一周內食用完畢。~(冰箱冷藏內部溫度以最下層和靠近冰壁的溫度最低，有時會低於0度，故長時間與之接觸也有可能造成結冰的現象發生)~\n開封後請於一周內盡速食用完畢，以確保產品保持最新鮮的狀態~', '', 1),
(42, '[Milkadamia] 夏威夷堅果奶 咖啡師配方無糖 (946ml/瓶) (全素)', '~．每份 碳水 0g ｜熱量 15 kcal ｜蛋白質 0.3g ｜含糖 0g\n~．超低熱量低碳、全新生活\n~．無奶、無麩質', 199, 'milk3002', 'milk3002.jpg', 3, '2022-01-03', '0000-00-00', 0, '．本產品因堅果類本身含脂肪和蛋白質，而脂肪與蛋白質都是原先不溶於水的成份，故當結冰時會造成已混合好的蛋白質、油脂與水分離，故即使退冰後，也不會再混和了。~\n建議保存於冰箱內盡量避免溫度低於攝氏0度，以攝氏2至5度為最佳保存溫度，開封後請於一周內食用完畢。~(冰箱冷藏內部溫度以最下層和靠近冰壁的溫度最低，有時會低於0度，故長時間與之接觸也有可能造成結冰的現象發生)~\n開封後請於一周內盡速食用完畢，以確保產品保持最新鮮的狀態~', '', 1),
(43, '[丹麥 DRYK] 巧克力豌豆奶 (1000ml/瓶) (全素) 單入/多入', '~．[丹麥DRYK]榮獲丹麥素食主義協會推薦\n~．選用歐洲優質豌豆，輕盈柔化順口\n~．全素安心飲，清爽口感取代牛奶\n~．與咖啡搭配完美不違和～', 159, 'milk3003', 'milk3003.jpg', 3, '2022-01-02', '0000-00-00', 0, '．本產品內含植物油，飲用前請先搖勻。~\n\n．本產品內有燕麥製品~\n\n．請存放預乾燥陰涼處，開封後請冷藏並於5內飲用完畢~', '', 1),
(44, '[Provamel 樸悅] 嚴選生機植物 椰子米奶 (1L)', '~．低脂\n~．不含色素防腐劑\n~．不含人造添加劑', 149, 'milk3004', 'milk3004.jpg', 3, '2022-01-04', '0000-00-00', 0, '．本產品內含植物油，飲用前請先搖勻。~\n\n．本產品內有燕麥製品~\n\n．請存放預乾燥陰涼處，開封後請冷藏並於5內飲用完畢~', '', 1),
(45, '[英國 Mylk] Barista Mylk 精品咖啡師全植物奶 1L．6瓶 (全素)', '~．WBC世界冠軍調製，驚人的拉花\n~．成分單純、無色素香料、無防腐劑\n~．追求極致美味與天然的平衡', 1247, 'milk3005', 'milk3005.jpg', 3, '2022-01-01', '0000-00-00', 0, '燕麥是天然且無麩質，就像 Rude Health 使用的一樣。~\n\n2020 年大品味獲獎者~\n\n有機、無麩質、無乳製品、無添加糖、無增稠劑~', '', 1),
(46, '[Milkadamia] 夏威夷堅果奶 (946ml/瓶) (全素) 原味', '~．每份 碳水 2.3g ｜熱量 23 kcal ｜蛋白質 0.3g ｜含糖 2g\n~．超低熱量低碳、全新生活\n~．無奶、無麩質\n\n', 209, 'milk3006', 'milk3006.jpg', 3, '2022-01-03', '0000-00-00', 0, '．本產品內含植物油，飲用前請先搖勻。~\n\n．本產品內有燕麥製品~\n\n．請存放預乾燥陰涼處，開封後請冷藏並於5內飲用完畢~', '', 1),
(47, '[丹麥 DRYK] 經典豌豆奶(1L/罐)(全素) 單入', '~．本產品內含植物油，飲用前請先搖勻。\n~．本產品內有燕麥製品\n~．請存放預乾燥陰涼處，開封後請冷藏並於5內飲用完畢', 212, 'milk3007', 'milk3007.jpg', 3, '2022-01-02', '0000-00-00', 0, '．本產品內含植物油，飲用前請先搖勻。~\n\n．本產品內有燕麥製品~\n\n．請存放預乾燥陰涼處，開封後請冷藏並於5內飲用完畢~', '', 1),
(48, '[RUDE HEALTH] 天然榛果奶 1L', '~．每份 碳水 0g ｜熱量 15 kcal ｜蛋白質 0.3g ｜含糖 0g\n~．超低熱量低碳、全新生活\n~．無奶、無麩質', 330, 'milk3008', 'milk3008.jpg', 3, '2022-01-04', '0000-00-00', 0, '燕麥是天然且無麩質，就像 Rude Health 使用的一樣。~\n\n2020 年大品味獲獎者~\n\n有機、無麩質、無乳製品、無添加糖、無增稠劑~', '', 1),
(49, '【137 degrees】核桃堅果奶（無加糖）1000ml＊4入', '~．每份 碳水 0g ｜熱量 15 kcal ｜蛋白質 0.3g ｜含糖 0g\n~．超低熱量低碳、全新生活\n~．無奶、無麩質', 960, 'milk3009', 'milk3009.jpg', 3, '2022-01-01', '0000-00-00', 0, '1.商品組合/規格：4瓶~\n2.商品品名：137 degrees 核桃堅果奶~\n3.商品重(容)量：1000ml/瓶~\n4.內容物成分(如含有豬、牛成分請加註國別)：如包裝所示~\n5.食品添加物名稱：無~\n6.原產地(國)：泰國~\n7.製造廠商或國內負責廠商名稱：玥艿實業有限公司~\n8.製造廠商或國內負責廠商地址：高雄市三民區力行路246號~', '', 1),
(50, '職人燕麥杏仁奶 1L．6入/箱', '~．新潮的植物奶早餐選擇。\n~．提供每日所需的維他命E，讓你容光煥發。\n~．高鈣，支持骨密度。\n', 1203, 'milk3010', 'milk3010.jpg', 3, '2022-01-03', '0000-00-00', 0, '        \n1.商品組合/規格：Oatside歐特賽職人燕麥植物奶 1000ml．6入/箱~\n2.商品品名：Oatside歐特賽職人燕麥植物奶 1000ml．6入/箱~\n3.商品重(容)量：1000ml．6入~\n4.內容物成分(如含有豬、牛成分請加註國別)：燕麥基底(水，燕麥)，芥花油，酸度調節劑(磷酸氫二鉀)，碳酸鈣，海鹽~\n5.食品添加物名稱：無~\n6.原產地(國)：印尼~\n7.製造廠商或國內負責廠商名稱：新加坡商熊麥師股份有限公司台灣分公司~\n8.製造廠商或國內負責廠商地址：台北市中山區南京東路1段16號4樓之6~', '', 1),
(51, '藜麥燕麥杏仁奶', '~．膳食纖維-每100ml含1.6g\n促進腸道蠕動\n~．不加糖\n~．清甜口感來自於天然發酵', 450, 'milk3011', 'milk3011.jpg', 3, '2022-01-02', '0000-00-00', 0, '成份：燕麥粉、麥芽糊精(糊精、麥芽糖、葡萄糖)、蔾麥粉、芥花油粉、椰漿粉、異麥芽寡糖、非基改大豆蛋白、菊苣纖維、鹽~\n原產地：台灣專業調配製造~\n保存期限：18個月(未開封)~\n保存方法：請置於陰涼乾燥處，避免陽光直射，為保持新鮮度，開罐後請儘速食用完畢~\n沖泡方法：~\n1.可依個人口未添加各種粉類、豆漿、牛奶、麥片、可可粉、稀飯等品嚐不同的風味。~\n2.到入適量約200cc-250cc的熱開水(約70-90度c)，再加入芬蘭大燕麥植物奶(約25-30公克)同時攪拌均勻即可食用。~\n3.沖泡後之微量沉澱物為膳食纖維，請安心食用。~', '', 1),
(52, '【1入】Voelkel無麩質杏仁奶', '~．無麩質，不含乳糖\n~．適合麩質敏感或乳糖不耐者\n\n', 149, 'milk3012', 'milk3012.jpg', 3, '2022-01-04', '0000-00-00', 0, '每份 碳水1.7g ｜熱量 22 kcal ｜蛋白質 0.4g~\n採用義大利非基改堅果~\n高纖低卡無負擔，減少乳牛產量，一起減碳愛地球!~\n貼心標語: 飲用前請搖勻,如有沉澱物屬正常現象,請安心飲用。~', '', 1),
(53, '[義大利Mand\'or] 杏仁奶', '~．膳食纖維-每100ml含1.6g\n促進腸道蠕動\n~．不加糖\n~．清甜口感來自於天然發酵', 241, 'milk3013', 'milk3013.jpg', 3, '2022-01-01', '0000-00-00', 0, '【精品咖啡師首選，來自澳洲的濃厚系植物奶】~ ．澳洲生產 ．全素可食 ．無添加人工香料及防腐劑~ ．不含乳糖、麩質、膽固醇和乳製品 ．微糖 ．低飽和脂肪 ．適合單飲、調製茶、咖啡與拉花~', '', 1),
(54, '[澳洲 Vitasoy] 咖啡大師 杏仁奶 (1L) 六入組', '~．每份 碳水 0g ｜熱量 15 kcal ｜蛋白質 0.3g ｜含糖 0g\n~．超低熱量低碳、全新生活\n~．無奶、無麩質', 1934, 'milk3014', 'milk3014.jpg', 3, '2022-01-03', '0000-00-00', 0, '每100ml熱量僅14大卡~\n\n無添加糖,不含防腐劑~\n\n100%西班牙原料製造~\n\n', '', 1),
(55, '【紅布朗】蕎麥杏仁奶-無加糖400gX1罐(杏仁粉)', '・生鮮品請低溫冷藏\n・開封後請儘速用畢\n・飲用前請充分搖勻', 140, 'milk3015', 'milk3015.jpg', 3, '2022-01-02', '0000-00-00', 0, '每100ml熱量僅14大卡~\n\n無添加糖,不含防腐劑~\n\n100%西班牙原料製造~\n\n', '', 1),
(56, '[澳洲 SO GOOD] 原味杏仁奶 6入組 (1000ml/瓶) (全素)', '~．鈣含量與牛奶相同\n~．生產燕麥奶比牛奶減少35 %的碳排放量, 比杏仁少用85~90%的水量\n~．易形成奶泡適合咖啡店使用與拿鐵拉', 120, 'milk3016', 'milk3016.jpg', 3, '2022-01-04', '0000-00-00', 0, '本產品因堅果類本身含脂肪和蛋白質，而脂肪與蛋白質都是原先不溶於水的成份，故當結冰時會造成已混合好的蛋白質、油脂與水分離，故即使退冰後，也不會再混和了。~\n建議保存於冰箱內盡量避免溫度低於攝氏0度，以攝氏2至5度為最佳保存溫度，開封後請於一周內食用完畢。~(冰箱冷藏內部溫度以最下層和靠近冰壁的溫度最低，有時會低於0度，故長時間與之接觸也有可能造成結冰的現象發生)~\n開封後請於一周內盡速食用完畢，以確保產品保持最新鮮的狀態~', '', 1),
(57, '植物杏仁奶', '・生鮮品請低溫冷藏\n・開封後請儘速用畢\n・飲用前請充分搖勻', 149, 'milk3017', 'milk3017.jpg', 3, '2022-01-01', '0000-00-00', 0, '每份 碳水1.7g ｜熱量 22 kcal ｜蛋白質 0.4g~\n採用義大利非基改堅果~\n高纖低卡無負擔，減少乳牛產量，一起減碳愛地球!~\n貼心標語: 飲用前請搖勻,如有沉澱物屬正常現象,請安心飲用。~', '', 1),
(58, '職人燕麥杏仁奶 1L', '~．新潮的植物奶早餐選擇。\n~．提供每日所需的維他命E，讓你容光煥發。\n~．高鈣，支持骨密度。\n', 160, 'milk3018', 'milk3018.jpg', 3, '2022-01-03', '0000-00-00', 0, '除了100%使用瑞典本地農產的燕麥外~\n製造過程中使用了比一般燕麥奶多出40%的燕麥~\n不添加任何糖分，口感豐富綿密、帶有自然甜味、保留膳食纖維~\n單飲好喝，也非常適合搭配咖啡、奶昔、紅茶、麥片等一起享用。~\n一款特別為咖啡師研發的燕麥奶，使用的是同樣的原料以及類似的製作流程~\n為了更加適合搭配各式各樣的咖啡豆，咖啡師版本調降了燕麥本身的麥味以及甜味，也更適合拉花。~', '', 1),
(59, '杏仁奶 咖啡師配方 (全素) 多入組', '~．每份 碳水 0g ｜熱量 15 kcal ｜蛋白質 0.3g ｜含糖 0g\n~．超低熱量低碳、全新生活\n~．無奶、無麩質', 180, 'milk3019', 'milk3019.jpg', 3, '2022-01-02', '0000-00-00', 0, '本產品因堅果類本身含脂肪和蛋白質，而脂肪與蛋白質都是原先不溶於水的成份，故當結冰時會造成已混合好的蛋白質、油脂與水分離，故即使退冰後，也不會再混和了。~\n建議保存於冰箱內盡量避免溫度低於攝氏0度，以攝氏2至5度為最佳保存溫度，開封後請於一周內食用完畢。~(冰箱冷藏內部溫度以最下層和靠近冰壁的溫度最低，有時會低於0度，故長時間與之接觸也有可能造成結冰的現象發生)~\n開封後請於一周內盡速食用完畢，以確保產品保持最新鮮的狀態~', '', 1),
(60, '核桃杏仁奶（無加糖）1000ml', '~．鈣含量與牛奶相同\n~．生產燕麥奶比牛奶減少35 %的碳排放量, 比杏仁少用85~90%的水量\n~．易形成奶泡適合咖啡店使用與拿鐵拉', 100, 'milk3020', 'milk3020.jpg', 3, '2022-01-04', '0000-00-00', 0, '除了100%使用瑞典本地農產的燕麥外~\n製造過程中使用了比一般燕麥奶多出40%的燕麥~\n不添加任何糖分，口感豐富綿密、帶有自然甜味、保留膳食纖維~\n單飲好喝，也非常適合搭配咖啡、奶昔、紅茶、麥片等一起享用。~\n一款特別為咖啡師研發的燕麥奶，使用的是同樣的原料以及類似的製作流程~\n為了更加適合搭配各式各樣的咖啡豆，咖啡師版本調降了燕麥本身的麥味以及甜味，也更適合拉花。~', '', 1),
(61, 'Voelkel梅洛紅葡萄原汁', '~．特色：富含花青素、前花青素、白蔾蘆醇、鐵、鉀、維生素B群。保持紅潤好氣色的天然好物！\n~．精選產自義大利、世界知名釀酒種：梅洛葡萄(Merlot Grape)，是紅葡萄酒中的「王后」，具有絲絨般柔和的口感，芳香四溢的特性，素有「大眾情人」的稱號。\n~．Voelkel與義大利家族企業Polpuva建立長久良好的夥伴關係，當葡萄成熟，能量飽滿時是以手工方式將葡萄摘採下來，在當地以最快速的時間內將葡萄清洗乾淨後連皮帶籽一起壓榨成汁裝瓶，保留了豐富的營養素，葡萄風味香醇。\n~．200ML', 160, 'juice1001', 'juice1001.jpg', 4, '2022-01-01', '0000-00-00', 0, 'Voelkel 生機梅洛紅葡萄汁 ~\n\n葡萄的營養豐富，而葡萄皮中的白藜蘆醇（resveratrol）及唯有在葡萄籽內才有的物質－前花青素 (Proanthocyanidines) 都是養顏美容、日常保健最推崇的珍貴成分！~\n\nVoelkel 生機梅洛紅葡萄汁 特色~\n\n本產品精選自義大利釀酒品種：梅洛葡萄(Merlot Grape)，梅洛葡萄以具有絲絨般柔和的口感，在義大利常被用來釀造葡萄酒。~Voelkel 與義大利家族企業 Polpuva 建立長久良好的夥伴關係，本產品即是在當地以國際自然活力農耕法栽種的有機葡萄，當葡萄成熟能量飽滿時是以手工方式將葡萄一顆顆摘下來，在當地以最快速的時間內將葡萄清洗乾淨後連皮帶籽一起壓榨成汁裝瓶，保留了豐富的營養素，葡萄風味香醇，每天飲用一杯有機紅葡萄汁有助於調整體質，促進新陳代謝。~\n\n˙精選義大利知名釀酒葡萄品種：梅洛葡萄(Merlot Grape) ，具有絲絨般柔和的口感，果肉香甜，僅以手工摘採，於當地合作農場迅速將有機梅洛葡萄連皮帶籽新鮮榨汁裝瓶。~\n˙100％ 生機純汁，絕非濃縮還原汁~\n˙符合Demeter 國際自然活力生機最高品質的要求~\n˙絕不添加糖、水、香料、色素及防腐劑~\n˙採用巴士德滅菌法，將新鮮蔬果汁極短暫加熱(65~85度)，並急速冷卻入瓶，以保持果汁原味，蔬果之營養價值不易被破壞，使每一滴猶如現榨般新鮮~\n． Voelkel生機梅洛紅葡萄汁 適用對象：婦女、茹素者或無法飲酒想養生者~\n． Voelkel生機梅洛紅葡萄汁使用方式~\n˙沈澱為自然現象，飲用前請搖勻~\n˙建議每天200cc ~250cc有機紅葡萄原汁，於餐後飲用~\n˙可直接飲用或依個人口味以水、蘇打水或氣泡礦泉水稀釋~\n˙加入氣泡礦泉水即是一杯清爽好吸收的紅葡萄氣泡飲~\n˙搭配生機石榴原汁一起飲用，促進新陳代謝~\n˙可用於製作調醬料，生菜沙拉添加或拌入優格等~\n˙調製其他生機飲品或酒精飲料增添風味~', '', 1),
(62, 'Voelkel黑棗汁(Prune Juice)', '~．200ML黑棗汁新上市！！輕巧更方便！\n\n~．買6入送莓果果昔1入 (送完為止)\n~．加入會員就送紅利金100點\n\n~．多件享更多折扣優惠\n~．3件95折，6件92折\n\n~．100%黑棗(梅乾)提取\n~．1杯200mL含有46g 黑棗乾\n~．無添加糖、防腐劑\n~．含豐富膳食纖維及鐵質\n~．幫助消化，使排便順暢', 220, 'juice1002', 'juice1002.jpg', 4, '2022-01-03', '0000-00-00', 0, '營養師 黑棗汁 推薦 德國Voelkel~\n孕婦及4個月以上寶寶都適飲的黑棗汁，能有效幫助改善嗯嗯不順，~\n以天然方式補充水份及膳食纖維、維生素、讓寶寶及孕婦都能安心健康的揮別不便問題。~\n建議孕婦及成人一天補充200ml原汁，寶寶及小朋友一天從50ml，並且1：1稀釋比例喝起。~\n ', '', 1),
(63, '馥聚有機黃金蘋果汁', '★非濃縮汁、不加水、整顆原汁壓榨★', 250, 'juice1003', 'juice1003.jpg', 4, '2022-01-02', '0000-00-00', 0, '原汁中含有豐富的果膠，是最好的水溶性纖維，幫助維持消化道機能。~整顆原汁壓榨，保留蘋果天然的果香和大部分的營養。~根據美國USDA的飲食標準，一杯6盎司的有機蘋果汁相等於一人份的水果量。~你如果是那種覺得洗切水果很麻煩可是又很想維持健康美麗的人，那麼，這個有機蘋果汁絕對是你最佳的選擇。~坊間有不少的蘋果汁，不過這款汁可是有機而且是無糖的，真的讓你喝的健康又美麗。~', '', 1),
(64, 'Voelkel蔓越莓原汁', '~．100%蔓越莓原汁\n~．不同於大部分市售蔓越莓含量僅10%的蔓越莓果汁\n~．一天攝取50ml，即可呵護私密困擾\n~．不添加糖、水及防腐劑\n~．保證天然的A型前花青素', 380, 'juice1004', 'juice1004.jpg', 4, '2022-01-04', '0000-00-00', 0, 'Voelkel 生機蔓越莓原汁 台灣總代理\r\n\r\n蔓越莓又被稱為北美紅寶石，富含花青素、前(原)花青素、維生素A、C及鐵對健康好處多多。~\r\n\r\nVoelkel 生機蔓越莓原汁 跟其它蔓越莓汁有什麼不一樣？\r\n\r\nVoelkel生機蔓越莓原汁是100%果汁，非濃縮還原，不經過加熱破壞，也沒有添加其他的糖分。~由於蔓越莓原汁酸度高，市售多為蔓越莓綜合果汁，除了蔓越莓外另以其他甜度高的果汁調和風味，實際上蔓越莓汁占比不高。~如果是為了保健效果想喝蔓越莓汁，選擇時不可不慎。~', '', 1),
(65, 'Voelkel 沙棘果原汁', '~．原廠新包裝更換中，可能會收到與產品圖不同之外包裝，請放心選購。~．~．\n\n~．採用100%沙棘果實新鮮壓榨\n~．富含維生素A、維生素C、維生素E、類黃酮、胡蘿蔔素、胺基酸及微量元素\n~．使用巴斯德滅菌(pasteurization)技術製造，保留最純正的風味及最完整的營養素。\n~．不加糖、香料、防腐劑\n~．改善體質，提升防禦力\n~．330ML', 400, 'juice1005', 'juice1005.jpg', 4, '2022-01-01', '0000-00-00', 0, '沙棘生長在40幾度的高溫沙漠或零下溫度的寒冷高山，小小一顆即含有豐富的營養素，是戰場士兵們食用已恢復戰鬥力的聖果。~', '', 1),
(66, 'Voelkel 維他ACE綜合果汁', '~． 1杯150mL補充每日所需必須維生素A、C、E\r\n~． 新鮮水果鮮榨入瓶，非濃縮果汁還原\r\n~． 來自天然水果中所含維生素，非人工化學添加\r\n~． 不加水、不加糖、無甜味劑、色素及防腐劑\r\n~． 巴斯德滅菌法使每一滴都猶如現榨般新鮮', 310, 'juice1006', 'juice1006.jpg', 4, '2022-01-03', '0000-00-00', 0, '維生素ACE是非常重要的營養補給，也是打底健康不可或缺的營養素。~市面上販售的綜合果汁大多缺乏維生素E﹐主要是因為單純的水果李，很難攝取到維生素E。~ACE綜合果汁特別添加小麥胚芽油，幫助維生素E的多重攝取，有助於減少自由基的產生。~', '', 1),
(67, 'Voelkel薑汁', '~．富含薑烯、薑酚\r\n~．適用於各種烹飪料理ex. 蒸魚\r\n~．直接飲用建議以5-8倍水稀釋，搭配黑糖、蜂蜜或果汁、茶飲、牛奶、燕麥奶更佳。\r\n~．可添加於豆花、甜湯等增添風味\r\n~．200ml\r\n冬日必備，暖胃溫補飲', 320, 'juice1007', 'juice1007.jpg', 4, '2022-01-02', '0000-00-00', 0, '薑母汁由三斤本島老薑鮮榨取得，經過數十八道嚴謹程序精製而成，顏色鮮黃且明亮，帶有薑母特殊的香氣以及本島薑獨有的辣味。~本產品可取代原本切工繁雜的生薑塊，亦無須親自上菜市場挑選滿是泥土的薑母回家，減少備料所需要的時間，讓您的料理簡單、快速又衛生，只要在起鍋前依個人口味加入薑母汁，即可享用含有薑母香味的美食。~\n\n台灣本土老薑( 竹仔薑或小薑 )~\n \n竹仔薑(小薑)，主要栽作於南投縣、台東縣、嘉義縣、高雄縣及新竹縣的山區，標高約400~1000公尺，其中以輕鬆肥沃、土層深厚及排水良好的緩坡地為主，體型較市場常見的肥胖型老薑還細小，肉色鮮嫩香辣，常用於藥膳理及薑母鴨料理使用。~由於生薑會大量吸取土壤之日月精華，種植後的土地必須輪作其他作物，待7年後才能再行栽種生薑，因此更顯彌足珍貴。~', '', 1),
(68, 'Voelkel 檸檬薑原汁', '~．富含維生素C、B1 、鉀、薑烯、薑酚\r\n~．每100 ml含11 mg 維生素C\r\n~．建議以5倍水稀釋，搭配氣泡礦泉水或蘇打水或果汁、茶飲更佳。\r\n~．可用於烘焙、烹飪料理等\r\n~．200ml', 250, 'juice1008', 'juice1008.jpg', 4, '2022-01-04', '0000-00-00', 0, '來自德國前三大果汁製造商，工廠位於易北河谷(ELBTALAUE)近郊，屬於生態保護區，採以友善保護環境的耕作法。~\n堅持採用新鮮水果，原汁原味，不額外添加糖、人工添加劑等。~\n每瓶以4顆檸檬壓榨成汁，主要選自南義大利和西班牙產的黃色西西里檸檬。~\n從產地收成至榨汁、充填、包裝等加工流程，全程品質把關，經巴斯德殺菌，可保留較多的營養元素。~\n原汁含有率100%。~', '', 1),
(69, 'Voelkel接骨木原汁', '~．換季首選，溫差時節抵禦聖品\r\n~．富含維生素C、槲皮素等生物類黃酮、花青素\r\n~．調整體質，增強體力\r\n~．來自德國，以巴士德滅菌法保留營養，純粹鮮榨\r\n~．330ml', 300, 'juice1009', 'juice1009.jpg', 4, '2022-01-01', '0000-00-00', 0, '100% 天然接骨木莓原汁  - 750ml (100% 原汁，非濃縮還原）~\n原料單純，只有自然熟接骨木莓，第一道壓榨原汁~\n\n頂級接骨木莓汁，精密選果，細心壓制，新鮮原汁，完全能呈現接骨木莓的天然口感，並使其對身體的幫助最大化！~\n由100%自然成熟的有機接骨木莓壓制而成，是一款歐洲家庭常備機能飲品，天氣變化，溫差大，空氣差時，都會攝取接骨木原汁，有一點木質口感，也可以加一點其他果汁，調配出您專屬的口味。~', '', 1),
(70, 'Voelkel黑醋栗原汁', '~．犀利晶彩，天然呵護\r\n~．富含花青素、維生素C、鉀、磷、鐵\r\n~．demeter認證，超越有機農法，100%全面安心', 380, 'juice1010', 'juice1010.jpg', 4, '2022-01-03', '0000-00-00', 0, '★嚴選新鮮黑醋栗果以傳統方法小心翼翼壓榨取得豐沛的果汁及維他命C~\n★100％ 天然純汁，絕非濃縮還原汁~\n★符合德國、歐盟高品質及素食標章的要求~\n★絕不添加糖、水、香料、色素及防腐劑~\n★採用巴士德滅菌法，將新鮮蔬果汁極短暫加熱(65~85度)，並急速冷卻入瓶，以保持果汁原味，蔬果之營養價值不易被破壞，使每一滴猶如現榨般新鮮~', '', 1),
(71, 'Voelkel 蘋果芒果汁-200ml', '~．本產品含有芒果\n~． 新鮮水果鮮榨入瓶，非濃縮還原汁\n~． 不加水、不加糖、無甜味劑、色素及防腐劑\n飲用方式：可直接飲用或依個人口味稀釋。', 160, 'juice1011', 'juice1011.jpg', 4, '2022-01-02', '0000-00-00', 0, '★愛文芒果，糖度均勻、果肉香甜。~\r\n★ 100%水果原汁，不添加水、非濃縮還原。~\r\n★HPP高壓滅菌，低溫冷壓，保留營養。~\r\n★ 無添加物，不含香料、色素、防腐劑。~\r\n★水果產地:台南玉井、南化', '', 1),
(72, 'Voelkel 蘋果櫻桃汁', '~．蘋果+酸櫻桃絕配滋味\n~．嚴選德國生機酸櫻桃\n~．酸櫻桃原汁萃取珍貴褪黑激素前驅物，幫助入睡，養顏美容\n~．100%原汁無加水、無加糖、無加色素、無加防腐劑\n~．豐富果膠、蘋果酸、維他命C、鉀離子、多酚、花青素\n~．700ML/瓶', 350, 'juice1012', 'juice1012.jpg', 4, '2022-01-04', '0000-00-00', 0, '酸櫻桃汁有助改善腸道健康~\n只要連續喝上5天酸櫻桃汁，就能增加人體腸道內的益菌數量，改善腸道健康狀況。~ 美國一個醫學研究團隊發現，蒙特莫倫西櫻桃（Montmorency cherries，一種酸櫻桃）中含有名為多酚的抗氧化物質，能促進人體內有益細菌的存活和繁殖，原因是這類抗氧化物質可以保護腸道內壁和減少發炎現象的產生。~', '', 1),
(73, 'Voelkel石榴原汁', '~． 原汁含有率100%，非濃縮果汁還原\r\n~． 採收能量最豐厚的石榴連籽一起新鮮壓榨成汁\r\n~． 巴斯德滅菌法，使每一滴都猶如現榨般新鮮\r\n~． 不加水、不加糖、無甜味劑、色素及防腐劑', 400, 'juice1013', 'juice1013.jpg', 4, '2022-01-01', '0000-00-00', 0, '． Voelkel生機石榴原汁使用方式~\n˙沈澱為自然現象，飲用前請搖勻~\n˙建議每天50~80cc有機石榴原汁 ，於餐後飲用~\n˙可直接飲用或依個人口味以水、蘇打水或氣泡礦泉水稀釋 ( 1/2:1 稀釋，請依個人口感調整)~\n˙加入氣泡礦泉水即是一杯清爽好吸收的石榴氣泡飲~\n˙生機石榴原汁搭配生機蘋果原汁(1:2)或生機甜菜根汁(1:1)一起飲用更佳，可促進新陳代謝，調節生理機能~\n˙可用於製作調醬料，生菜沙拉添加或拌入優格等~\n˙調製其他飲品或酒精飲料增添風味~\n\n． Voelkel生機石榴原汁注意事項~\n\n石榴中富含的單寧酸攝取過多可能會使腸胃不適，建議於飯後飲用且勿過量。~', '', 1),
(74, 'Voelkel蘋果橘橙無酒精調酒潘趣飲', '~．Voelkel 無酒精潘趣飲系列\r\n~．可用來直接調製熱紅酒，一瓶即可代替瑣碎香料準備\r\n~．最健康的調酒飲料!\r\n~．冰、熱飲皆可，調製雞尾酒、熱紅酒\r\n~．最適合野餐、party、聚會等\r\n~．調酒無須準備一堆材料、瓶瓶罐罐\r\n~．Voelkel潘趣飲的完美比例，一瓶抵多瓶!\r\n~．750ml/入', 350, 'juice1014', 'juice1014.jpg', 4, '2022-01-03', '0000-00-00', 0, '潘趣酒（Punch）是一種特色混合性飲料，軟性飲品或微酒精飲品（見雞尾酒），主要成分是果汁。~在美國，聯邦法規將潘趣酒描述為可不含果汁的飲料。~\n水果潘趣酒（Fruit Punch）是一種材料包括雜果（如蘋果、鳳梨、鮮橙和檸檬之類）加上糖水或七喜，有時也包含薑啤、酒或果汁的潘趣酒飲品。~這種飲品在香港或澳門茶餐廳、港式快餐店均常見。~', '', 1),
(75, 'Voelkel蘋果藍莓無酒精調酒潘趣飲', '~．Voelkel 無酒精潘趣飲系列\r\n~．冰、熱飲皆可，調製雞尾酒、熱紅酒\r\n~．可用來直接調製熱紅酒，一瓶即可代替瑣碎香料準備\r\n~．最健康的調酒飲料!\r\n~．最適合野餐、party、聚會等\r\n~．調酒無須準備一堆材料、瓶瓶罐罐\r\n~．Voelkel潘趣飲的完美比例，一瓶抵多瓶!\r\n~．750ml/入', 350, 'juice1015', 'juice1015.jpg', 4, '2022-01-02', '0000-00-00', 0, '潘趣酒（Punch）是一種特色混合性飲料，軟性飲品或微酒精飲品（見雞尾酒），主要成分是果汁。~在美國，聯邦法規將潘趣酒描述為可不含果汁的飲料。~\n水果潘趣酒（Fruit Punch）是一種材料包括雜果（如蘋果、鳳梨、鮮橙和檸檬之類）加上糖水或七喜，有時也包含薑啤、酒或果汁的潘趣酒飲品。~這種飲品在香港或澳門茶餐廳、港式快餐店均常見。~', '', 1),
(76, 'Voelkel蘋果薑無酒精調酒潘趣飲', '~．Voelkel 無酒精潘趣飲系列\r\n~．冰、熱飲皆可，調製雞尾酒、熱紅酒\r\n~．可用來直接調製熱紅酒，一瓶即可代替瑣碎香料準備\r\n~．最健康的調酒飲料!\r\n~．最適合野餐、party、聚會等\r\n~．調酒無須準備一堆材料、瓶瓶罐罐\r\n~．Voelkel潘趣飲的完美比例，一瓶抵多瓶!\r\n~．750ml/入', 350, 'juice1016', 'juice1016.jpg', 4, '2022-01-04', '0000-00-00', 0, '潘趣酒（Punch）是一種特色混合性飲料，軟性飲品或微酒精飲品（見雞尾酒），主要成分是果汁。~在美國，聯邦法規將潘趣酒描述為可不含果汁的飲料。~\n水果潘趣酒（Fruit Punch）是一種材料包括雜果（如蘋果、鳳梨、鮮橙和檸檬之類）加上糖水或七喜，有時也包含薑啤、酒或果汁的潘趣酒飲品。~這種飲品在香港或澳門茶餐廳、港式快餐店均常見。~', '', 1),
(77, 'Voelkel 蘋果原汁', '~． 原汁含有率100%，非濃縮果汁還原\r\n~． 每瓶含約12顆生機蘋果連皮帶籽鮮榨而成\r\n~． 巴斯德滅菌法使每一滴都猶如現榨般新鮮\r\n~． 不加水、不加糖、無甜味劑、色素及防腐劑', 250, 'juice1017', 'juice1017.jpg', 4, '2022-01-01', '0000-00-00', 0, '蘋果汁可能是大家經常喝的，其實蘋果汁的功效與作用也是很多的，下面就給大家介紹一下有關蘋果汁的功效與作用方面的知識。~\n\n蘋果汁會加速腸道蠕動,若腸道原本就有不正常蠕動的情形時,蘋果汁會在腸道內產生氣體。~若腸子受到食物刺激時,可以飲用一般蘋果汁或濃縮果汁和水的混合汁液以達到減輕刺激的目的。~我們可以在家裡自行打蘋果汁,但應在製成果汁後馬上飲用。~', '', 1),
(78, 'Voelkel夏多內白葡萄原汁', '~．特色：富含白蔾蘆醇、花青素、多酚類、β胡蘿蔔素、維生素A。養顏美容，活力滿滿的首選！\r\n~．精選產自義大利、世界知名釀造白酒/香檳品種：夏多內葡萄(Chardonnay Grape)，是白酒界的網紅，圓潤甘甜、風格多變的果香個性。是一款令人驚豔又美味無比的迷人品種。\r\n~．Voelkel與義大利家族企業Polpuva建立長久良好的夥伴關係，當葡萄成熟，能量飽滿時是以手工方式將葡萄摘採下來，在當地以最快速的時間內將葡萄清洗乾淨後連皮帶籽一起壓榨成汁裝瓶，保留了豐富的營養素，果汁多變且甘甜。', 350, 'juice1018', 'juice1018.jpg', 4, '2022-01-03', '0000-00-00', 0, '夏多內白葡萄原汁：不可否認，Chardonnay確實是目前世界上最廣泛種植的葡萄品種，就連在品酒會盲飲活動上，白酒只要猜夏多內，通常都錯不到哪裡去。~但也因為「太常見」，人們開始認為他是一個「普通」的品種。~但其實從風味濃厚的加州Chardonnay，到特殊的法國Chardonnay，甚至高貴的香檳，都可以見到他的蹤跡，也是最有多樣性的葡萄品種之一！~', '', 1),
(79, 'Voelkel 檸檬原汁', '~．每1罐含8顆生機檸檬\r\n~．富含維生素C、B1、鉀\r\n~．使用方法:\r\n~．建議以5~8倍水稀釋，搭配氣泡礦泉水或蘇打水或其他果汁飲用更佳。\r\n用於製作醬料，涼拌菜，沙拉添加等\r\n製作雞尾酒，各式調酒的絕佳選擇\r\n~．200ml/瓶', 180, 'juice1019', 'juice1019.jpg', 4, '2022-01-02', '0000-00-00', 0, '照顧心血管又美膚，喝檸檬水有4大好處~\n補充維生素C：檸檬維生素C含量雖然不是最高（芭樂、奇異果更高），但是一顆檸檬榨出來的汁就有18.6毫克的維生素C，相當每日建議攝取量的29％。~維生素C是能中和自由基的抗氧化物，還能減少心血管疾病與中風的風險、降低血壓。~\n補充鉀與鎂：檸檬也富含鉀，能讓更多氧氣送入大腦，同時修復肌肉細胞。~檸檬中的鎂則可以減少骨質疏鬆、情緒躁動、記憶衰退等情況。~\n提升膚況：檸檬中的維生素C可促進體內的膠原蛋白合成，有抗老化、減少日曬傷害的功用。~而將檸檬加入水中增添滋味，可能讓不愛喝白開水的人多喝水，水分對皮膚也有幫助。~2016年一項研究更顯示，讓老鼠飲用柑橘類的飲料，確實能幫助預防皺紋生成。~\n讓口氣清新：很多人會用檸檬去除異味，喝檸檬水也有類似功效，吃完大蒜、洋蔥、魚等氣味重的食物，不妨來杯檸檬水。~檸檬也能刺激口水分泌，加上水分滋潤口腔，都能減少口臭。~', '', 1),
(80, 'Voelkel 蘋果胡蘿蔔汁', '~．多元攝取，健康雙倍\r\n~．含維生素C、B2、β-葫蘿蔔素、菸鹼酸及礦物質鉀、鈣、鎂、鋅、鐵等\r\n~．可用來搭配「輕斷食法」，早餐喝一杯，輕盈不負擔\r\n~．700ml', 300, 'juice1020', 'juice1020.jpg', 4, '2022-01-04', '0000-00-00', 0, '紅蘿蔔蘋果汁被譽為最天然的美容聖品，紅蘿蔔中豐富的礦物質可以幫助淨化腸胃，排出體內的毒素，甚至對於消除眼睛疲勞非常有幫助，更有人說紅蘿蔔可以幫助女人越變越美麗。~而蘋果則是豐富的豐富的維他命A、B、C，裡面的成分也可促進腸胃蠕動，讓排便變得更順暢，另外裡面含有果膠，有助於降低血壓、膽固醇和血糖。~', '', 1),
(81, 'Voelkel 西芹汁', '~．小小一瓶含有維生素A, C,Ｋ，鉀、鐵、鈣、銅、磷、鋅等礦物質，\r\n葉酸和維生素B6 (每100毫升含天然鉀成分200毫克)\r\n~．demeter生機互動農法認證\r\n~．有感排空：每天早上空腹飲用450cc，初期110~220cc，逐日增加至450cc，至少持續三十天，如有喝水或吃早餐請間隔15-30分鐘(無脂早餐)\r\n~．330ml', 380, 'juice2001', 'juice2001.jpg', 5, '2022-01-01', '0000-00-00', 0, '西洋芹菜（又稱美國芹菜）本身含維生素A、C及K、葉酸、鈣、鉀、鈉、鎂、磷等礦物質及水分等。~有利尿及祛溼消腫功效，不但可以幫身體排毒，還有消炎、降血壓的作用。~\n100克西洋芹有1.6公克的豐富膳食纖維，喝完一杯不但可以增進飽足感，同時促進腸道蠕動排出體內多餘水分。~最多人喜歡西芹汁的原因絕對是因為空腹喝一杯可以幫助清腸，讓小腹不容易累積宿便，視覺上肚子也會更平坦。~因此又被稱為「減脂排毒水」。~', '', 1),
(82, 'Voelkel 甜菜根汁', '~．來自歐洲的生命之根\r\n~．鐵質紅潤好氣色\r\n~．維生素A、C提升保護力\r\n~．含鉀、鈉、鐵、鎂、磷。維生素B群(尤其是B12)、維生素AC、葉酸及豐富的胺基酸和甜菜鹼。\r\n~．生機最高等級，demeter認證\r\n~．巴士德滅菌法低溫榨取，營養不流失\r\n~．200ml', 140, 'juice2002', 'juice2002.jpg', 5, '2022-01-03', '0000-00-00', 0, '甜菜根（Beetroot）是火紅的保健食品，食用甜菜根的營養功效和好處甚多，這鮮紅色的蔬果深受減重減脂者的推薦和熱愛，而且甜菜根含有豐富的天然抗氧化物「甜菜紅素」，能夠幫助皮膚抗衰老，並加速身體對另一抗氧化物維生素E的吸收，進而達致雙重抗氧化功效，因此甜菜根被譽為超級食物（Super food）。~', '', 1),
(83, 'Voelkel 根莖蔬菜汁', '~．蔬菜汁富含根莖蔬菜的微量元素與維生素，能夠調節體質。\r\n~．豐富的飲用時機，增添更多飲食樂趣：\r\n~．斷食養生：每天500ml分次飲用,連續42天。\r\n~．香醇番茄濃湯（10人份）:1瓶根莖汁+有機去皮番茄5-6顆放入調理機攪勻成濃汁,\r\n以小火煮熟,加入海鹽或少許蔬菜粉調味即可', 320, 'juice2003', 'juice2003.jpg', 5, '2022-01-02', '0000-00-00', 0, '一旦細胞膜累積過量蛋白質，會令細胞窒息，進而無法進行適當的氧化作用。~\n利用布魯士配方的根莖蔬菜汁進行42天的減食計畫，可斷絕蛋白質的供應，~\n蔬菜汁所含的豐富維生素和礦物質，可持續供給身體養分，~\n同時讓新陳代謝恢復平衡，深層的排毒過程還可消除體內的毒素和廢棄物。~\n即使你沒有生病，進行6天的蔬菜汁減食計畫，~\n也能讓你的身心復甦，附贈甩掉多餘體重的額外紅利。~\n\n享譽歐美的奧地利自然療法師魯道夫．布魯士，~\n獨創有機根莖蔬菜汁食療法，~\n透過甜菜根、胡蘿蔔、芹菜、蘿蔔和馬鈴薯五種蔬菜汁，~\n輔以各式花草茶，去除病患體內的代謝廢棄物，~\n並讓細胞遠離蛋白質的累積，讓人體變成鹼性，~\n六十多年來，幫助超過數萬人自癌症、白血病和原以為的不治之症中痊癒，~\n更多遭受皮膚感染、腎臟病、腸胃疾病、神經痛、多發性硬化症、~\n長期喉嚨痛、不孕症、肥胖症等困擾的人，也獲得了令人驚喜的改善。~', '', 1),
(84, 'Voelkel 胡蘿蔔原汁', '~．榮獲榮獲 demeter 2019 最佳產品表揚\r\n~．富含β-葫蘿蔔素、木質素、果膠、維生素A、B1、B2、C、D、E、K、葉酸、鈣\r\n~．季節選品，新鮮榨取\r\n~．低GI補給，體態管理的最佳選擇\r\n~．700ml', 300, 'juice2004', 'juice2004.jpg', 5, '2022-01-04', '0000-00-00', 0, '保護眼睛的紅蘿蔔含有豐富的營養素，例如：胡蘿蔔素、膳食纖維等，有助於調整體質、提升代謝機能。~每杯200 mL的新鮮現榨、無添加糖紅蘿蔔汁熱量居然不到100大卡，是夏日輕斷食、體態管理的最佳選擇。~\n紅蘿蔔汁富含β-胡蘿蔔素、膳食纖維，以及維生素E、B6、葉酸、礦物質鈉、鎂、磷、植物多酚-綠原酸和咖啡酸等，對健康的好處包括：~\n\n維持視力~\n紅蘿蔔汁的β-胡蘿蔔素可在體內轉換成維生素A，是幫助視神經成像的元素，足夠的維生素A能維持夜間視力、減少夜盲症情形。~\n\n控制理想體重、維持體態~\n紅蘿蔔屬於低升糖指數(低GI)的食物，營養師推薦想減重的朋友，輕斷食期間可選擇紅蘿蔔汁，熱量低、營養豐富！~\n\n預防心血管疾病~\n紅蘿蔔汁豐富的膳食纖維有助於減少膽固醇，降低心血管疾病；礦物質鉀能促進體液平衡，維持正常血壓。~\n\n緩解便祕、維持腸道健康~\n膳食纖維有助於促進排便及增加腸道好菌，維持腸道健康並緩解便秘。~', '', 1),
(85, 'Voelkel美孅蔬菜汁', '~．營養成分：含豐富的礦物質、維生素B群(尤其是B12)、維生素A、C、\r\n茄紅素、胡蘿蔔素、花青素、葉酸及甜菜鹼。\r\n~．100% 來自抗性種子蔬菜的飲品配方', 320, 'juice2005', 'juice2005.jpg', 5, '2022-01-01', '0000-00-00', 0, '原裝進口~\n100％ 原汁，低熱量。~\n絕不添加糖、水、香料色素及防腐劑。~\ndemeter 生機互動農法產品認證~\n\n產品內容~\n成份：番茄汁47%、甜菜根汁22%、胡蘿蔔汁17%、芹菜汁5%、蕁麻汁3%、蒲公英汁3%、朝鮮薊汁2%、蘋果醋1%~', '', 1),
(86, 'Voelkel 甜菜根薑汁', '~．冬季營養溫補飲\r\n~．補血好氣色\r\n~．含鉀、鈉、鐵、鎂、磷。維生素B群(尤其是B12)、維生素AC、葉酸及豐富的胺基酸和甜菜鹼。\r\n~．原汁鮮榨，非濃縮還原\r\n~．700ml', 300, 'juice2006', 'juice2006.jpg', 5, '2022-01-03', '0000-00-00', 0, '甜菜根豐富的鉀、磷、鈉、鐵、維生素A、B、C等可預防心臟病與脂肪肝；發表在Hypertension期刊研究表示，有機硝酸鹽，是幫助降低血壓的關鍵物質，增加血液中一氧化氮氣體的濃度，進而放鬆平滑肌、舒張血管、促進血液循環。~英國郵報健康專欄曾報導一篇甜菜汁與延長運動時間的文章，內容說明到研究給予自行車運動人員每天飲用500ml甜菜汁，結果發現可以延長16％騎乘訓練時間，探究其原因發現到甜菜根中的有機硝酸鹽會轉化為一氧化氮，而一氧化氮可以舒張血管以及降低血壓，在運動過程中降低了耗氧量，讓運動較不會疲累；規律的飲用甜菜根汁，對於運動員長期的體力訓練來說，有加分效果。~\n\n甜菜素（betacyanin）是具抗癌性的極佳抗氧化營養素，能夠消除自由基，提升人體排毒能力，有效對抗大腸癌；美國華盛頓霍華德大學（Howard University）的研究發現甜菜素可以抑制攝護腺癌或是乳癌細胞的腫瘤成長，不過針對甜菜根對於防癌的直接關連性，仍須待進一步實驗證實。~甜菜纖維可以提高體內抗氧化酵素濃度，如麩胱甘肽過氧化酶，並且提高身體防衛軍隊白血球數量；甜菜根亦是腸道必須營養素麩醯胺酸食物來源之一。~', '', 1),
(87, 'Voelkel 胡蘿蔔沙棘汁', '~．富含維生素Ａ (α、β-胡蘿蔔素)、維生素B群、C、E、葉酸、礦物質、膳食纖維、類黃酮等\r\n~．來自天然蔬果中豐富的β-胡蘿蔔素，每100 ml 含維生素A：1034微克RE (148%~．)\r\n~．低GI營養補給，增強體力提升保護力\r\n~．700ml', 320, 'juice2007', 'juice2007.jpg', 5, '2022-01-02', '0000-00-00', 0, '含果油的野生小果沙棘汁~\n選用來自內蒙古的野生小果沙棘，有「黃金聖果，超級食物」之稱！富含高維生素C、SOD 超氧化物歧化酶等 200 多種營養素，低 GI、高營養，完全不添加色素或防腐劑，自然健康。~人工採收後經低溫熱穿透製程生產，通過歐美多項有機認證，飲用安心。~', '', 1),
(88, 'Biotta威力舒活飲綜合蔬果汁', '~．想增加體力時的最佳補充飲品\n~．富含豐富的維生素、葉酸與礦物質\n~．富含膳食纖維', 280, 'juice2008', 'juice2008.jpg', 5, '2022-01-04', '0000-00-00', 0, '蔬果含有豐富的膳食纖維，有助維持體內的益生菌，增加糞便體積幫助排便，對於排毒或減肥都能發揮效果，是繼醣、脂肪、蛋白質、維生素與礦物質之後，最受到矚目的第六大營養素。~加上免疫細胞60%集中在腸道中，蔬果汁的膳食纖維可幫助排便、維持腸道健康、提升免疫力。~', '', 1),
(89, 'Biotta甜菜根汁', '~．富含天然甜菜鹼\n~．低溫榨汁，天然營養非濃縮還原汁\n~．無添加人工色素、香料、防腐劑', 280, 'juice2009', 'juice2009.jpg', 5, '2022-01-01', '0000-00-00', 0, '甜菜根（Beetroot）是火紅的保健食品，食用甜菜根的營養功效和好處甚多，這鮮紅色的蔬果深受減重減脂者的推薦和熱愛，而且甜菜根含有豐富的天然抗氧化物「甜菜紅素」，能夠幫助皮膚抗衰老，並加速身體對另一抗氧化物維生素E的吸收，進而達致雙重抗氧化功效，因此甜菜根被譽為超級食物（Super food）。~', '', 1),
(90, 'Biotta布魯士根莖蔬菜純汁', '~．病後補養及忙碌上班族適用\n~．無添加人工色素、香料、防腐劑\n~．瑞士原裝進口 國際知名', 280, 'juice2010', 'juice2010.jpg', 5, '2022-01-03', '0000-00-00', 0, '一旦細胞膜累積過量蛋白質，會令細胞窒息，進而無法進行適當的氧化作用。~\n利用布魯士配方的根莖蔬菜汁進行42天的減食計畫，可斷絕蛋白質的供應，~\n蔬菜汁所含的豐富維生素和礦物質，可持續供給身體養分，~\n同時讓新陳代謝恢復平衡，深層的排毒過程還可消除體內的毒素和廢棄物。~\n即使你沒有生病，進行6天的蔬菜汁減食計畫，~\n也能讓你的身心復甦，附贈甩掉多餘體重的額外紅利。~\n\n享譽歐美的奧地利自然療法師魯道夫．布魯士，~\n獨創有機根莖蔬菜汁食療法，~\n透過甜菜根、胡蘿蔔、芹菜、蘿蔔和馬鈴薯五種蔬菜汁，~\n輔以各式花草茶，去除病患體內的代謝廢棄物，~\n並讓細胞遠離蛋白質的累積，讓人體變成鹼性，~\n六十多年來，幫助超過數萬人自癌症、白血病和原以為的不治之症中痊癒，~\n更多遭受皮膚感染、腎臟病、腸胃疾病、神經痛、多發性硬化症、~\n長期喉嚨痛、不孕症、肥胖症等困擾的人，也獲得了令人驚喜的改善。~', '', 1),
(91, '義大利 S.Pellegrino 聖沛黎洛氣泡水果水 葡萄柚口味', '義大利 S.Pellegrino 聖沛黎洛 氣泡礦泉水/氣泡水果水系列', 100, 'juice2011', 'juice2011.jpg', 5, '2022-01-02', '0000-00-00', 0, '葡萄柚口味 POMPELMO~\n\n水果水的果汁皆為西西里島自家果園與工廠處理~\n\n使用 Sanpellecrino氣泡礦泉水 與 天然果汁 調和而成~\n\n獨家瓶口鋁箔封膜設計，保護瓶口飲用衛生~\n\n適合與各式酒調配，呈現絕佳的風味~\n\n獨特風味清爽暢飲~\n果汁原汁含有率16%~\n\n義大利原裝進口~', '', 1),
(92, '義大利 S.Pellegrino 聖沛黎洛氣泡水果水 檸檬口味', '義大利 S.Pellegrino 聖沛黎洛 氣泡礦泉水/氣泡水果水系列', 100, 'juice2012', 'juice2012.jpg', 5, '2022-01-04', '0000-00-00', 0, '\n檸檬口味 LIMONE E MENTA~\n水果水的果汁皆為西西里島自家果園與工廠處理~\n\n使用 Sanpellecrino氣泡礦泉水 與 天然果汁 調和而成~\n\n獨家瓶口鋁箔封膜設計，保護瓶口飲用衛生~\n\n適合與各式酒調配，呈現絕佳的風味~\n\n獨特風味清爽暢飲~\n\n果汁原汁含有率16%~\n\n義大利原裝進口~', '', 1),
(93, '義大利 S.Pellegrino 聖沛黎洛氣泡水果水 甜橙口味 ', '義大利 S.Pellegrino 聖沛黎洛 氣泡礦泉水/氣泡水果水系列', 100, 'juice2013', 'juice2013.jpg', 5, '2022-01-01', '0000-00-00', 0, '甜橙口味 ARANCIATA~\n\n水果水的果汁皆為西西里島自家果園與工廠處理~\n\n使用 Sanpellecrino氣泡礦泉水 與 天然果汁 調和而成~\n\n獨家瓶口鋁箔封膜設計，保護瓶口飲用衛生~\n\n適合與各式酒調配，呈現絕佳的風味~\n\n獨特風味清爽暢飲~\n\n果汁原汁含有率20%~\n\n義大利原裝進口~', '', 1),
(94, '義大利 S.Pellegrino 聖沛黎洛氣泡水果水 柑橘紅石榴口味', '義大利 S.Pellegrino 聖沛黎洛 氣泡礦泉水/氣泡水果水系列', 100, 'juice2014', 'juice2014.jpg', 5, '2022-01-03', '0000-00-00', 0, '柑橘紅石榴口味 MELOGRANO E ARANCIA~\n\n水果水的果汁皆為西西里島自家果園與工廠處理~\n\n使用 Sanpellecrino氣泡礦泉水 與 天然果汁 調和而成~\n\n獨家瓶口鋁箔封膜設計，保護瓶口飲用衛生~\n\n適合與各式酒調配，呈現絕佳的風味~\n\n獨特風味清爽暢飲~\n\n果汁原汁含有率16%~\n\n義大利原裝進口~', '', 1),
(95, '義大利 S.Pellegrino 聖沛黎洛氣泡水果水 紅橙口味', '義大利 S.Pellegrino 聖沛黎洛 氣泡礦泉水/氣泡水果水系列', 100, 'juice2015', 'juice2015.jpg', 5, '2022-01-02', '0000-00-00', 0, '紅橙綜合風味 ARANCIATA ROSSA~\n\n水果水的果汁皆為西西里島自家果園與工廠處理~\n\n使用 Sanpellecrino氣泡礦泉水 與 天然果汁 調和而成~\n\n獨家瓶口鋁箔封膜設計，保護瓶口飲用衛生~\n\n適合與各式酒調配，呈現絕佳的風味~\n\n獨特風味清爽暢飲~\n\n果汁原汁含有率19%~\n\n義大利原裝進口~', '', 1),
(96, 'Bottle Green水果風味氣泡飲-接骨木', '~．傳統製程，獨特冷過濾口感細緻\n~．採用天然水果原汁、天然香料製成\n~．居家小酌、慶功宴派對、調酒專品', 190, 'juice2016', 'juice2016.jpg', 5, '2022-01-04', '0000-00-00', 0, '晶瑩剔透的花木芳香，具慕斯卡白葡萄與柑橘、百香果香氣及蜂蜜般的微甜', '', 1),
(97, 'Bottle Green水果風味氣泡飲-石榴', '~．傳統製程，獨特冷過濾口感細緻\n~．採用天然水果原汁、天然香料製成\n~．居家小酌、慶功宴派對、調酒專品', 190, 'juice2017', 'juice2017.jpg', 5, '2022-01-01', '0000-00-00', 0, '紅寶石的石榴搭配花香優雅的接骨木，綻放醉人誘惑', '', 1),
(98, 'Bottle Green水果風味氣泡飲-蜜蘋果', '~．傳統製程，獨特冷過濾口感細緻\n~．採用天然水果原汁、天然香料製成\n~．居家小酌、慶功宴派對、調酒專品', 190, 'juice2018', 'juice2018.jpg', 5, '2022-01-03', '0000-00-00', 0, '蘋果的甜香尾韻餘韻酸甜不膩', '', 1),
(99, 'Bottle Green水果風味氣泡飲-覆盆莓', '~．傳統製程，獨特冷過濾口感細緻\n~．採用天然水果原汁、天然香料製成\n~．居家小酌、慶功宴派對、調酒專品', 190, 'juice2019', 'juice2019.jpg', 5, '2022-01-02', '0000-00-00', 0, '莓果派對時光~\n微甜、果香、酸爽~', '', 1),
(100, 'Bottle Green水果風味氣泡飲-薑汁', '~．傳統製程，獨特冷過濾口感細緻\n~．採用天然水果原汁、天然香料製成\n~．居家小酌、慶功宴派對、調酒專品', 190, 'juice2020', 'juice2020.jpg', 5, '2022-01-04', '0000-00-00', 0, '近香檳的口感~\n酸甜暢快與薑汁香氣~\n受到女性顧客喜愛~', '', 1),
(101, 'Voelkel 綠拿鐵蔬果昔(含芒果)', '~．本產品含有芒果\r\n\r\n~．特色： 精選生機水果及蔬菜製成，鮮純濃郁，無添加水、甜味劑。能養顏美容，調節生理機能，輕鬆補充生活所需營養。\r\n\r\n~．飲用方法： 直接飲用或可加入攪碎的堅果增加口感及營養。\r\n\r\n從早晨就開始照顧身體！樂活早餐的新法則！', 220, 'juice3001', 'juice3001.jpg', 6, '2022-01-01', '0000-00-00', 0, '綠拿鐵，其實並不是一杯含有咖啡因的飲品，它是由綜合蔬菜、水果、蛋白質及油脂攪打而成的一杯天然飲品，上方會有一層泡沫加上整體濃郁的口感，就跟一杯拿鐵咖啡一樣，但卻可以攝取到足夠的醣類、脂肪及蛋白質，另外因為多數是生食或蔬菜只是簡單燙過，所以能保有較完整的營養素。~\n綠拿鐵有許多好處與優點，例如：能夠簡單快速攝取大量蔬菜、不用浪費太多力氣去準備食物…等，都是大家願意去選擇的原因，另外綠拿鐵多以植物性蛋白與植物油脂為主，較低的飽和脂肪與大量的纖維，皆是符合大眾對於健康飲食的標準。~', '', 1),
(102, 'FÜR Holy Berry 莓果果昔', '~．特色：精選生機水果製成，鮮純濃郁，無添加水、甜味劑，養顏美容、水亮澎潤，是每日早餐的優質新選擇。\n\n~．飲用方法：直接飲用或可加入早餐脆片或優格一起食用 。\n\n來自莓果的最佳C飲力！', 200, 'juice3002', 'juice3002.jpg', 6, '2022-01-03', '0000-00-00', 0, '莓果最出名的是含有6大營養素，像是花青素、鞣花酸、維生素A、維生素C、維生素K，以及葉黃素。~ 藍莓、蔓越莓、覆盆莓、黑莓、草莓…等莓果，富含水溶性膳食纖維，可以促進腸胃蠕動，來幫助於維持消化道機能。~ 而因為莓果多是屬低GI指數的食物，所以也能在生酮飲食中看到各種莓果的食材。~', '', 1),
(103, 'FÜR Funky Mango 芒果綜合果昔', '~．特色：精選生機水果製成，鮮純濃郁，無添加水、甜味劑。幫助消化、補充能量，是每日早餐的優質新選擇。\n~．飲用方法：直接飲用或可加入早餐脆片或優格一起食用 。\n夏日必備，一口就上癮！', 200, 'juice3003', 'juice3003.jpg', 6, '2022-01-02', '0000-00-00', 0, '芒果的6大好處：~\n\n1.豐富葉酸~\n葉酸不但能保護心血管、有助紅血球的形成，同時增強免疫系統。~\n\n2.豐富維生素A及β-胡蘿蔔素~\n程涵宇指出，吃一顆愛文芒果，就能獲得整日91％的維生素A。~維生素A能夠增強眼睛、​鼻子、口腔、肺，以及胃腸道各處的黏膜健康，鞏固免疫系統增強免疫力。~\n\n3.維生素C~\n除了維生素A之外，吃一顆愛文芒果，也能獲得一天所需要的56％維生素C，不但能幫助維持細胞膜及呼吸道黏膜組織的完整，也能隔擋外來細菌病毒。~\n\n4.熱量低~\n程涵宇澄清，其實芒果熱量並沒大家想像中的高，一顆中型約350公克的愛文芒果熱量約100大卡，100公克的愛文芒果熱量約41大卡，而100公克的珍珠芭樂熱量為38大卡，兩者實際熱量其實差不多。~\n\n5.豐富膳食纖維~\n幫助腸道蠕動養出腸道好菌，可以改善睡眠品質又減壓。~\n\n6.豐富的鉀離子~\n芒果對女生是能消水腫的好食物，對有心血管疾病的人來說，芒果更是能幫助血壓穩定的好水果。~\n\n程涵宇也說明，即使是糖尿病患者只要把握2原則，也是可以吃芒果的。~建議每次食用半顆，並添加蛋白質一起食用，如芒果牛奶、無糖優格芒果等，吃下去不但消暑，也能減輕對血糖的負擔。~', '', 1),
(104, 'Voelkel紅拿鐵蔬果昔(含甜菜根)', '\r\n~．特色：精選水果及蔬菜製成，鮮純濃郁，無添加水、甜味劑。養顏美容，營養補給，使排便順暢，是每日早餐的優質新選擇。\r\n\r\n~．飲用方法：直接飲用或可加入攪碎的堅果增加口感及營養。\r\n\r\n夢幻級天菜，保持健康好氣色！', 220, 'juice3004', 'juice3004.jpg', 6, '2022-01-04', '0000-00-00', 0, '邊吃邊代謝不是夢！只要一杯特調「紅拿鐵」，囤積的負擔都通通瓦解！紅拿鐵是由各種莓果打製而成的果汁，身為上班族都沒時間照顧自己，更不用說有閒暇時光，為自己打一杯好喝的莓果特調，貼心的Simply推出了「防彈酵素紅拿鐵」，讓妳每天都能享受莓果好滋味！小編真的一喝就愛上，莓果香氣超誘人，不會過甜、也不酸，喝完也不會肚子漲，還成功戒掉天天一杯的手搖杯，愛漂亮就是要從體內做起，喚醒沈睡已久的代謝，由內而外的提亮氣色，還能從此輕鬆告別滿腹委屈！', '', 1),
(105, 'Voelkel 蘋果醋', '~．100%蘋果醋 (酸度5%)\r\n~．富含果膠、維生素C、有機酸、鉀、酵素\r\n~．飲用方法：餐前飲用一杯幫助消化，和水1:10稀釋。\r\n可用於泡菜、水果醃製、調製醬汁。', 280, 'juice3005', 'juice3005.jpg', 6, '2022-01-01', '0000-00-00', 0, '未過濾的蘋果醋，讓益菌仍維持活躍，進而產生雲霧網狀的醋母於瓶底沉澱，而醋母就是蘋果醋中營養價值最高的部分，能調整體質、幫助消化。~', '', 1),
(106, '潭酵天地蘋果水果醋', '~．古法釀造，三段式醱酵製程\n~．純釀糙米醋、蘋果醋為基底\n~．歐洲橡木桶純釀熟成\n~．50%水果原汁添加\n~．含礦物質、維生素、胺基酸、有機酸', 400, 'juice3006', 'juice3006.jpg', 6, '2022-01-03', '0000-00-00', 0, '蘋果醋(Apple Vinegar)是蘋果榨取後，發酵形成的釀造果汁，亦可用於製藥。~蘋果醋可單喝或搭配蜂蜜食用，除了較為人熟知的減重功效之外，酌量食用亦可用於改善骨質疏鬆(Osteoporosis)、腿部痙攣與疼痛、胃部不適、喉嚨痛、鼻竇不適、高血壓、關節炎(Arthritis)等症狀。~不僅如此，蘋果醋也有助於人體排毒、刺激思考、減緩老化速度、調節血壓、降低膽固醇，以及減少感染等功能。~', '', 1),
(107, '潭酵天地金桔檸檬水果醋', '~．古法釀造，三段式醱酵製程\n~．純釀糙米醋、蘋果醋為基底\n~．歐洲橡木桶純釀熟成\n~．50%水果原汁添加\n~．含礦物質、維生素、胺基酸、有機酸', 400, 'juice3007', 'juice3007.jpg', 6, '2022-01-02', '0000-00-00', 0, '金桔檸檬是一道養生保健的飲品，金桔檸檬的主要材料是金桔和檸檬，金桔和檸檬搭配，口感酸甜可口，兩種都是「維C大戶」，富含了豐富的維生素C，常喝還能預防感冒。~特別是到了流感季節，喝上一杯金桔檸檬茶，既能提高身體免疫力還能養顏美容！~', '', 1),
(108, '潭酵天地鳳梨白葡萄水果醋', '~．古法釀造，三段式醱酵製程\n~．純釀糙米醋、蘋果醋為基底\n~．歐洲橡木桶純釀熟成\n~．50%水果原汁添加\n~．含礦物質、維生素、胺基酸、有機酸', 400, 'juice3008', 'juice3008.jpg', 6, '2022-01-04', '0000-00-00', 0, '以釀造蘋果酢添加鳳梨汁及白葡萄汁調製而成。~\r\n獨特雙重口感，清爽果香，溫和滋味，微酸甘甜。~', '', 1),
(109, '潭酵天地梅子水果醋', '~．古法釀造，三段式醱酵製程\n~．純釀糙米醋、蘋果醋為基底\n~．歐洲橡木桶純釀熟成\n~．50%水果原汁添加\n~．含礦物質、維生素、胺基酸、有機酸', 400, 'juice3009', 'juice3009.jpg', 6, '2022-01-01', '0000-00-00', 0, '梅子醋的功效有8大好處，可以開胃、促進食慾，幫助消化，維持消化道機能、促進新陳代謝、調整體質、滋補強身、養顏美容。~ 醋裡有豐富的醋酸和有機酸，能夠幫助消化我們吃進身體裡的食物，萃取出食物中的礦物質，補足身體所需要的營養，增強體力，調整體質。~', '', 1),
(110, '潭酵天地百香果水果醋', '~．古法釀造，三段式醱酵製程\n~．純釀糙米醋、蘋果醋為基底\n~．歐洲橡木桶純釀熟成\n~．50%水果原汁添加\n~．含礦物質、維生素、胺基酸、有機酸', 400, 'juice3010', 'juice3010.jpg', 6, '2022-01-03', '0000-00-00', 0, '百香果有「果汁之王」美稱，它的金黃色澤來源是「類黃酮」，有很好的消炎作用，能改善過敏、牙周炎，百香果還含有豐富的維生素B、C、葉酸、多酚類，能保養血管、暢通血液、提高鐵的吸收，改善貧血、防止動脈硬化，更有抗老、抗癌的效果！~', '', 1),
(111, '潭酵天地洛神梅水果醋', '~．古法釀造，三段式醱酵製程\n~．純釀糙米醋、蘋果醋為基底\n~．歐洲橡木桶純釀熟成\n~．50%水果原汁添加\n~．含礦物質、維生素、胺基酸、有機酸', 400, 'juice3011', 'juice3011.jpg', 6, '2022-01-02', '0000-00-00', 0, '洛神花功效：降血壓血脂、促進腸胃蠕動，好處說不完！~ 洛神花茶具有養顏美容、減肥減脂、降血壓、促進腸胃蠕動、通便利尿、預防心血管疾病等功效。~ 洛神花性涼，可以解熱補血、治療肝病，有平衡身體內的酸鹼值的效果，富含維生素C，還可促進膽汁分泌來分解體內多餘脂肪。~ 其花對腸、子宮頸具有抗痙攣的功效，更傳能夠防癌。~', '', 1),
(112, '潭酵天地紫美人莓果水果醋', '~．古法釀造，三段式醱酵製程\n~．純釀糙米醋、蘋果醋為基底\n~．歐洲橡木桶純釀熟成\n~．50%水果原汁添加\n~．含礦物質、維生素、胺基酸、有機酸', 400, 'juice3012', 'juice3012.jpg', 6, '2022-01-04', '0000-00-00', 0, '莓果最出名的是含有6大營養素，像是花青素、鞣花酸、維生素A、維生素C、維生素K，以及葉黃素。~ 藍莓、蔓越莓、覆盆莓、黑莓、草莓…等莓果，富含水溶性膳食纖維，可以促進腸胃蠕動，來幫助於維持消化道機能。~ 而因為莓果多是屬低GI指數的食物，所以也能在生酮飲食中看到各種莓果的食材。~', '', 1),
(113, '潭酵天地蔓越莓水果醋', '~．古法釀造，三段式醱酵製程\n~．純釀糙米醋、蘋果醋為基底\n~．歐洲橡木桶純釀熟成\n~．50%水果原汁添加\n~．含礦物質、維生素、胺基酸、有機酸', 400, 'juice3013', 'juice3013.jpg', 6, '2022-01-01', '0000-00-00', 0, '在歷史上，蔓越莓是美洲當地住民的重要經濟作物，除了航海船員利用其來預防壞血病，預防泌尿道感染是其最知名的效果！~蔓越莓主要組成為：水、有機酸（包括水楊酸）、果糖、維生素C、類黃酮、原花青素(PACs)、兒茶素和三萜類化合物，因其健康價值極高，因此又有紅寶石水果之稱。~而蔓越莓所含的A型原花青素(或原花青素,PACs)對女生尿道發炎感染的功效，更已獲得全球醫界與許多醫學研究所證實。~', '', 1),
(114, '黑豆桑天然手工蘋果淳', '全商品經SGS、Intertek、TUV檢測\r\n台視-美食好簡單 推薦指定使用\r\n陳年靜釀,二次釀造', 580, 'juice3014', 'juice3014.jpg', 6, '2022-01-03', '0000-00-00', 0, '養顏美容．可飲用可入菜│天然手工水果淳】~\n✰經400天手工純釀，再經菌釀轉化而成，有效抗老化、強化抗體，愛美女性必備好物！~\n \n嚴選新鮮水果洗淨切片，直接封甕發酵菌釀成酒，再次開封後添加益菌發酵二次釀造，再經過1-3年的漫長等待，成就最簡單純粹的精緻好味道。~\n \n製作過程無農藥殘留，不含重金屬、防腐劑及各種人工化學有害物質，聞起來不刺鼻、飲用不嗆喉，為居家常備好物，夏日可以來杯冰涼飲品，或是入菜涼拌沙拉，都營養又美味！~\n \n．稀釋飲用：以1：10～20的比例與飲用水稀釋後直接飲用，冰鎮後風味更佳，可改善體質之酸鹼度，調理預防文明病。~\n．料理使用：未加水時可淺嚐，其味如冰酒，甘醇順口、溫厚不澀，可用於水果沙拉與蔬菜沙拉，口感獨特，口口留香。~其他食物料理，如調酒、雞尾酒、沙拉、泡菜製作、果凍、健康果汁、冰棒製作，都能完美搭配呈現獨特風味。~\n ．建議使用：拌、醃、沾、飲、調，可調理體質、美食入味、美體保健、繽紛情緒、幫助消化、改變細菌叢生態、使排便順暢。~\n \n◆保存方法：請置於陰涼處，請勿直接陽光照射，以免變質，開封後請置於冰箱冷藏保存。~ ', '', 1),
(115, '黑豆桑天然手工鳳梨淳', '全商品經SGS、Intertek、TUV檢測\r\n台視-美食好簡單 推薦指定使用\r\n陳年靜釀,二次釀造', 580, 'juice3015', 'juice3015.jpg', 6, '2022-01-02', '0000-00-00', 0, '養顏美容．可飲用可入菜│天然手工水果淳】\r\n✰經400天手工純釀，再經菌釀轉化而成，有效抗老化、強化抗體，愛美女性必備好物！\r\n \r\n嚴選新鮮水果洗淨切片，直接封甕發酵菌釀成酒，再次開封後添加益菌發酵二次釀造，再經過1-3年的漫長等待，成就最簡單純粹的精緻好味道。~\r\n \r\n製作過程無農藥殘留，不含重金屬、防腐劑及各種人工化學有害物質，聞起來不刺鼻、飲用不嗆喉，為居家常備好物，夏日可以來杯冰涼飲品，或是入菜涼拌沙拉，都營養又美味！\r\n \r\n．稀釋飲用：以1：10～20的比例與飲用水稀釋後直接飲用，冰鎮後風味更佳，可改善體質之酸鹼度，調理預防文明病。~\r\n．料理使用：未加水時可淺嚐，其味如冰酒，甘醇順口、溫厚不澀，可用於水果沙拉與蔬菜沙拉，口感獨特，口口留香。~其他食物料理，如調酒、雞尾酒、沙拉、泡菜製作、果凍、健康果汁、冰棒製作，都能完美搭配呈現獨特風味。~\r\n ．建議使用：拌、醃、沾、飲、調，可調理體質、美食入味、美體保健、繽紛情緒、幫助消化、改變細菌叢生態、使排便順暢。~\r\n \r\n◆保存方法：請置於陰涼處，請勿直接陽光照射，以免變質，開封後請置於冰箱冷藏保存。~ ', '', 1),
(116, '黑豆桑天然手工梅子淳', '全商品經SGS、Intertek、TUV檢測\r\n台視-美食好簡單 推薦指定使用\r\n陳年靜釀,二次釀造', 580, 'juice3016', 'juice3016.jpg', 6, '2022-01-04', '0000-00-00', 0, '養顏美容．可飲用可入菜│天然手工水果淳】\r\n✰經400天手工純釀，再經菌釀轉化而成，有效抗老化、強化抗體，愛美女性必備好物！\r\n \r\n嚴選新鮮水果洗淨切片，直接封甕發酵菌釀成酒，再次開封後添加益菌發酵二次釀造，再經過1-3年的漫長等待，成就最簡單純粹的精緻好味道。~\r\n \r\n製作過程無農藥殘留，不含重金屬、防腐劑及各種人工化學有害物質，聞起來不刺鼻、飲用不嗆喉，為居家常備好物，夏日可以來杯冰涼飲品，或是入菜涼拌沙拉，都營養又美味！\r\n \r\n．稀釋飲用：以1：10～20的比例與飲用水稀釋後直接飲用，冰鎮後風味更佳，可改善體質之酸鹼度，調理預防文明病。~\r\n．料理使用：未加水時可淺嚐，其味如冰酒，甘醇順口、溫厚不澀，可用於水果沙拉與蔬菜沙拉，口感獨特，口口留香。~其他食物料理，如調酒、雞尾酒、沙拉、泡菜製作、果凍、健康果汁、冰棒製作，都能完美搭配呈現獨特風味。~\r\n ．建議使用：拌、醃、沾、飲、調，可調理體質、美食入味、美體保健、繽紛情緒、幫助消化、改變細菌叢生態、使排便順暢。~\r\n \r\n◆保存方法：請置於陰涼處，請勿直接陽光照射，以免變質，開封後請置於冰箱冷藏保存。~ ', '', 1),
(117, '黑豆桑天然手工桑椹淳', '全商品經SGS、Intertek、TUV檢測\r\n台視-美食好簡單 推薦指定使用\r\n陳年靜釀,二次釀造', 680, 'juice3017', 'juice3017.jpg', 6, '2022-01-01', '0000-00-00', 0, '養顏美容．可飲用可入菜│天然手工水果淳】\r\n✰經400天手工純釀，再經菌釀轉化而成，有效抗老化、強化抗體，愛美女性必備好物！\r\n \r\n嚴選新鮮水果洗淨切片，直接封甕發酵菌釀成酒，再次開封後添加益菌發酵二次釀造，再經過1-3年的漫長等待，成就最簡單純粹的精緻好味道。~\r\n \r\n製作過程無農藥殘留，不含重金屬、防腐劑及各種人工化學有害物質，聞起來不刺鼻、飲用不嗆喉，為居家常備好物，夏日可以來杯冰涼飲品，或是入菜涼拌沙拉，都營養又美味！\r\n \r\n．稀釋飲用：以1：10～20的比例與飲用水稀釋後直接飲用，冰鎮後風味更佳，可改善體質之酸鹼度，調理預防文明病。~\r\n．料理使用：未加水時可淺嚐，其味如冰酒，甘醇順口、溫厚不澀，可用於水果沙拉與蔬菜沙拉，口感獨特，口口留香。~其他食物料理，如調酒、雞尾酒、沙拉、泡菜製作、果凍、健康果汁、冰棒製作，都能完美搭配呈現獨特風味。~\r\n ．建議使用：拌、醃、沾、飲、調，可調理體質、美食入味、美體保健、繽紛情緒、幫助消化、改變細菌叢生態、使排便順暢。~\r\n \r\n◆保存方法：請置於陰涼處，請勿直接陽光照射，以免變質，開封後請置於冰箱冷藏保存。~ ', '', 1),
(118, '黑豆桑天然手工葡萄淳', '全商品經SGS、Intertek、TUV檢測\r\n台視-美食好簡單 推薦指定使用\r\n陳年靜釀,二次釀造', 680, 'juice3018', 'juice3018.jpg', 6, '2022-01-03', '0000-00-00', 0, '養顏美容．可飲用可入菜│天然手工水果淳】\r\n✰經400天手工純釀，再經菌釀轉化而成，有效抗老化、強化抗體，愛美女性必備好物！\r\n \r\n嚴選新鮮水果洗淨切片，直接封甕發酵菌釀成酒，再次開封後添加益菌發酵二次釀造，再經過1-3年的漫長等待，成就最簡單純粹的精緻好味道。~\r\n \r\n製作過程無農藥殘留，不含重金屬、防腐劑及各種人工化學有害物質，聞起來不刺鼻、飲用不嗆喉，為居家常備好物，夏日可以來杯冰涼飲品，或是入菜涼拌沙拉，都營養又美味！\r\n \r\n．稀釋飲用：以1：10～20的比例與飲用水稀釋後直接飲用，冰鎮後風味更佳，可改善體質之酸鹼度，調理預防文明病。~\r\n．料理使用：未加水時可淺嚐，其味如冰酒，甘醇順口、溫厚不澀，可用於水果沙拉與蔬菜沙拉，口感獨特，口口留香。~其他食物料理，如調酒、雞尾酒、沙拉、泡菜製作、果凍、健康果汁、冰棒製作，都能完美搭配呈現獨特風味。~\r\n ．建議使用：拌、醃、沾、飲、調，可調理體質、美食入味、美體保健、繽紛情緒、幫助消化、改變細菌叢生態、使排便順暢。~\r\n \r\n◆保存方法：請置於陰涼處，請勿直接陽光照射，以免變質，開封後請置於冰箱冷藏保存。~ ', '', 1),
(119, '黑豆桑天然手工檸檬淳', '全商品經SGS、Intertek、TUV檢測\r\n台視-美食好簡單 推薦指定使用\r\n陳年靜釀,二次釀造', 680, 'juice3019', 'juice3019.jpg', 6, '2022-01-02', '0000-00-00', 0, '養顏美容．可飲用可入菜│天然手工水果淳】~\n✰經400天手工純釀，再經菌釀轉化而成，有效抗老化、強化抗體，愛美女性必備好物！~\n \n嚴選新鮮水果洗淨切片，直接封甕發酵菌釀成酒，再次開封後添加益菌發酵二次釀造，再經過1-3年的漫長等待，成就最簡單純粹的精緻好味道。~\n \n製作過程無農藥殘留，不含重金屬、防腐劑及各種人工化學有害物質，聞起來不刺鼻、飲用不嗆喉，為居家常備好物，夏日可以來杯冰涼飲品，或是入菜涼拌沙拉，都營養又美味！~\n \n．稀釋飲用：以1：10～20的比例與飲用水稀釋後直接飲用，冰鎮後風味更佳，可改善體質之酸鹼度，調理預防文明病。~\n．料理使用：未加水時可淺嚐，其味如冰酒，甘醇順口、溫厚不澀，可用於水果沙拉與蔬菜沙拉，口感獨特，口口留香。~其他食物料理，如調酒、雞尾酒、沙拉、泡菜製作、果凍、健康果汁、冰棒製作，都能完美搭配呈現獨特風味。~\n ．建議使用：拌、醃、沾、飲、調，可調理體質、美食入味、美體保健、繽紛情緒、幫助消化、改變細菌叢生態、使排便順暢。~\n \n◆保存方法：請置於陰涼處，請勿直接陽光照射，以免變質，開封後請置於冰箱冷藏保存。~ ', '', 1),
(120, '黑豆桑天然手工珍果淳', '全商品經SGS、Intertek、TUV檢測\r\n台視-美食好簡單 推薦指定使用\r\n陳年靜釀,二次釀造', 680, 'juice3020', 'juice3020.jpg', 6, '2022-01-04', '0000-00-00', 0, '養顏美容．可飲用可入菜│天然手工水果淳】~\n✰經400天手工純釀，再經菌釀轉化而成，有效抗老化、強化抗體，愛美女性必備好物！~\n \n嚴選新鮮水果洗淨切片，直接封甕發酵菌釀成酒，再次開封後添加益菌發酵二次釀造，再經過1-3年的漫長等待，成就最簡單純粹的精緻好味道。~\n \n製作過程無農藥殘留，不含重金屬、防腐劑及各種人工化學有害物質，聞起來不刺鼻、飲用不嗆喉，為居家常備好物，夏日可以來杯冰涼飲品，或是入菜涼拌沙拉，都營養又美味！~\n \n．稀釋飲用：以1：10～20的比例與飲用水稀釋後直接飲用，冰鎮後風味更佳，可改善體質之酸鹼度，調理預防文明病。~\n．料理使用：未加水時可淺嚐，其味如冰酒，甘醇順口、溫厚不澀，可用於水果沙拉與蔬菜沙拉，口感獨特，口口留香。~其他食物料理，如調酒、雞尾酒、沙拉、泡菜製作、果凍、健康果汁、冰棒製作，都能完美搭配呈現獨特風味。~\n ．建議使用：拌、醃、沾、飲、調，可調理體質、美食入味、美體保健、繽紛情緒、幫助消化、改變細菌叢生態、使排便順暢。~\n \n◆保存方法：請置於陰涼處，請勿直接陽光照射，以免變質，開封後請置於冰箱冷藏保存。~ ', '', 1),
(121, '蜂蜜烤堅果脆榖塊 (500g/盒)', '~． 堅持使用100%來自大自然的原料，給您天然又美味的麥片產品！ 酥脆酥脆的來自於經過烘烤的燕麥，非油炸~ 每100公克有8.6%膳食纖維，高纖麥片好選擇~~ 蜂蜜香甜，全榖麥香，堅果香，美味麥片，美好早晨~\n~．貼心提醒: 肉桂、杏仁添加，孕婦不宜食用\n~．Granola｜口感:酥脆｜甜度:微甜★☆☆☆☆', 219, 'snack1001', 'snack1001.jpg', 7, '2022-01-01', '0000-00-00', 0, 'Carman\'s 忠於提供天然健康的食物，秉持「食物應來自廚房，而非實驗室」。~\n\n只使用 澳洲自產燕麥、無硫化水果、天然堅果與種子！~\n\n相信美味來自於食物的原味。~', '', 1),
(122, '藍莓烤杏仁脆榖塊 (500g/盒)', '~．酥脆酥脆的~~酥脆口感來自於經過烘烤的燕麥，非油炸唷~ 酸甜藍莓乾與香脆烤堅果，淋上蜂蜜，淡淡甜蜜在心頭~\n~．Granola ｜口感：酥脆｜甜度：微甜★☆☆☆☆', 210, 'snack1002', 'snack1002.jpg', 7, '2022-01-03', '0000-00-00', 0, 'Carman\'s 忠於提供天然健康的食物，秉持「食物應來自廚房，而非實驗室」。~\n\n只使用 澳洲自產燕麥、無硫化水果、天然堅果與種子！~\n\n相信美味來自於食物的原味。~', '', 1),
(123, '綜合莓果穀片 (500g/盒)', '~．澳洲20多年暢銷麥片品牌\n~．堅持使用100%來自大自然原料\n~．微甜，無添加高果糖糖漿', 149, 'snack1003', 'snack1003.jpg', 7, '2022-01-02', '0000-00-00', 0, '', '', 1),
(124, '蔓越莓蘋果酥脆榖塊 (500g/盒)', '~．每100g有8.7%的膳食纖維，高纖麥片好選擇\r\n~．經過烘烤的燕麥酥脆且非油炸\r\n~．酸甜蔓越莓與香脆烤堅果，淋上蜂蜜更有滋味 \r\n~．Granola ｜口感：酥脆｜甜度：微甜★☆☆☆☆\r\n貼心提醒:食品含肉桂、杏仁，孕婦不宜食用', 229, 'snack1004', 'snack1004.jpg', 7, '2022-01-04', '0000-00-00', 0, 'Carman\'s 忠於提供天然健康的食物，秉持「食物應來自廚房，而非實驗室」。~\n只使用 澳洲自產燕麥、無硫化水果、天然堅果與種子！~\n相信美味來自於食物的原味。~', '', 1),
(125, '甜蜜蘋果酥脆穀塊(500g/盒)', '~．獨家進口來自澳洲20多年的暢銷麥片品牌！ ~．堅持使用100%來自大自然的原料，給您天然又美味的麥片產品！ ~． 多種豐富果乾與杏仁塊，口感豐富有層次', 269, 'snack1005', 'snack1005.jpg', 7, '2022-01-01', '0000-00-00', 0, '', '', 1),
(126, '玫瑰可可歐蕾酥烤燕麥 (200g/盒)(單入/2人3人)', '~．Daily Boost x 不要對我尖叫，跨界與手搖知名品牌聯名，獨家推出經典限定款\r\n\r\n~．玫瑰花的清香，搭配可可豆、杏仁及麥片風味不膩口\r\n\r\n~．Granola｜口感：酥脆｜甜度：微甜', 149, 'snack1006', 'snack1006.jpg', 7, '2022-01-03', '0000-00-00', 0, '', '', 1),
(127, '黑可可蔓越莓烤燕麥 (200g/盒)', '~．特選馬來西亞可可粉，香濃微苦不甜膩\r\n\r\n~．燕麥烘烤酥脆，搭配酸甜蔓越莓乾，口感多層次\r\n\r\n~．增添酥脆米脆片＋脆爽的杏仁片，喀滋喀滋超美味！\r\n\r\n~．Granola｜口感: 酥脆｜甜度: 微甜', 109, 'snack1007', 'snack1007.jpg', 7, '2022-01-02', '0000-00-00', 0, '', '', 1),
(128, '濃情巧克力烤燕麥 (200g/盒) (使用HERSHEY\'S巧克力粉)', '~．最幸福療癒的麥片 採用知名品牌Hershey\'s巧克力粉，另添加苦甜巧克力豆\r\n\r\n~．忠實呈現巧克力原始風味，濃郁迷人不膩口，搭配澳洲大燕麥片，烘烤得酥酥脆脆 給您最奢華的麥片饗宴\r\n\r\n~．咯滋咯滋每口，隨手當零食補充能量！\r\n\r\n~．Granola｜口感：酥脆｜甜度：微甜 ★★☆☆☆', 129, 'snack1008', 'snack1008.jpg', 7, '2022-01-04', '0000-00-00', 0, '', '', 1),
(129, '即食大燕麥片 (無添加糖) (500g/包)(單入)', '~．100%天然澳洲原味燕麥\r\n~． 打開撲鼻的天然無添加麥香味，無加糖！\r\n~． 剛剛好的口感，不會太硬，更不會太軟爛\r\n~． 冷泡熱泡，都適合，都好吃\r\n~． 拉鍊袋好保存，一拉就閉合', 79, 'snack1009', 'snack1009.jpg', 7, '2022-01-01', '0000-00-00', 0, '', '', 1),
(130, '觀音拿鐵酥烤燕麥 (200g/盒)', '~．Daily Boost x 茶湯會，首次跨界與手搖知名品牌聯名，獨家推出\r\n\r\n~．茶湯會茶控一定對「觀音拿鐵」不陌生，身為暢銷第一名的飲品，Daily Boost 推出觀音拿鐵麥片\r\n\r\n~．以硬頸的鐵觀音作基底，與奶香調和成經典風味，觀音的焙火茶韻，讓人無法忘懷一口接一口\r\n\r\n~．Granola｜口感：酥脆｜甜度：微甜 ★★☆☆☆', 139, 'snack1010', 'snack1010.jpg', 7, '2022-01-03', '0000-00-00', 0, '', '', 1),
(131, '蔓越莓什錦榖物麥片 (200g/盒)', '~．層次口感 清爽不甜膩\r\n~．結合盛夏風情的果乾 風味獨特\r\n~．加入燕麥及糙米 打造出多層次口感', 99, 'snack1011', 'snack1011.jpg', 7, '2022-01-02', '0000-00-00', 0, '', '', 1),
(132, '三重巧克力穀物麥片 (320g/包) (奶素)', '~．瑞典百年榖物國民品牌\r\n~．巧克力控的最愛：三種巧克力+可可粉\r\n~．真材實料看的見，健康大滿足\r\n~．嚴選契作生態農場燕麥把關來源\r\n~．非油炸健康美味，口感酥脆香甜\r\n~．100%高品質原裝進口不分裝', 248, 'snack1012', 'snack1012.jpg', 7, '2022-01-04', '0000-00-00', 0, '', '', 1),
(133, '綜合莓果穀物麥片 (270g/包) (奶素)', '~．瑞典百年榖物國民品牌 \r\n~．天然蜂蜜添加，富含膳食纖維 \r\n~．真材實料看的見，健康大滿足 \r\n~．嚴選契作生態農場燕麥把關來源 \r\n~．非油炸健康美味，口感酥脆香甜 \r\n~．100%高品質原裝進口不分裝', 299, 'snack1013', 'snack1013.jpg', 7, '2022-01-01', '0000-00-00', 0, '【內容物成份】燕麥片,糖,小麥粉,玉米片(碎玉米,糖,鹽),棕櫚油,可可小麥球(碎玉米,小麥,糖,可可粉,鹽,卵磷脂,精煉玉米油),米球(碎米,燕麥粉,糖,大麥芽萃取物,鹽),天然蜂蜜,葡萄糖,櫻桃切片,草莓片,藍莓,鹽,香草香料,維生素E.~\n\n【內容量(重量)】270g~', '', 1),
(134, '綜合水果堅果穀物麥片 (375g/盒)\r', '~．瑞典百年榖物國民品牌 \r\n~．天然蜂蜜添加，富含膳食纖維 \r\n~．真材實料看的見，健康大滿足 \r\n~．嚴選契作生態農場燕麥把關來源 \r\n~．非油炸健康美味，口感酥脆香甜 \r\n~．100%高品質原裝進口不分裝', 299, 'snack1014', 'snack1014.jpg', 7, '2022-01-03', '0000-00-00', 0, '', '', 1),
(135, '亞麻籽莓果穀物麥片 (375g/盒)', '~． 瑞典百年榖物國民品牌 \r\n~． 天然蜂蜜添加，富含膳食纖維 \r\n~． 真材實料看的見，健康大滿足 \r\n~． 嚴選契作生態農場燕麥把關來源 \r\n~． 非油炸健康美味，口感酥脆香甜 \r\n~． 100%高品質原裝進口不分裝', 299, 'snack1015', 'snack1015.jpg', 7, '2022-01-02', '0000-00-00', 0, '', '', 1),
(136, '莓果優格穀物麥片 (320g/包) (奶素)', '~．瑞典百年榖物國民品牌\r\n~．低糖低熱量低GI，營養飽足無負擔\r\n~．真材實料看的見，健康大滿足\r\n~．嚴選契作生態農場燕麥把關來源\r\n~．非油炸健康美味，口感酥脆香甜\r\n~．100%高品質原裝進口不分裝', 350, 'snack1016', 'snack1016.jpg', 7, '2022-01-04', '0000-00-00', 0, '', '', 1),
(137, '有機無麩質野莓麥片 (400g/盒) (全素)', '~． 有機級\n~． 專業無麩質(Gluten Free)安心製程\n~．飽滿麥片，搭配藍莓、蔓越莓與葡萄乾，酸甜幸福好滋味\n~．純淨冰湖雪水灌溉、蘊育完美飽滿大燕麥\n~．完全熟化，細緻薄片、口感綿密\n~．Muesli ｜口感：鬆軟｜甜度：微甜 ★★☆☆☆', 208, 'snack1017', 'snack1017.jpg', 7, '2022-01-01', '0000-00-00', 0, '原料：有機無麩質大燕麥片（芬蘭）、有機玉米脆片（有機玉米脆片／非基因改造、海鹽、有機葡萄糖）（丹麥）、有機切片蔓越莓乾（有機蔓越莓、有機糖、有機葵花油）（加拿大）、有機葡萄乾（有機葡萄乾、有機葵花油）（澳洲）、有機藍莓乾（有機藍莓、有機砂糖、有機葵花籽油）（加拿大）~\n\n驗證單位：慈心有機驗證股份有限公司~\n有機農產品驗證證書字號 1－009－210002~\n保存期限：12個月（未開封）~\n保存方式：避免日光直射，置於陰涼乾燥處，開封後請儘快食用完畢~\n委託工廠：簡單生活開發有限公司（通過國際ISO22000及HACCP食品安全驗證）~\n原產地：芬蘭、丹麥、加拿大、澳洲~\n備註：產品資訊若與包裝上略有差異時，以實際包裝上標示為準~\n\n\n【食用方法】~\n1.取出6湯匙(約50公克)直接倒入碗中。~\n2.加入200～250ml的冰或熱牛奶、豆漿或穀粉等。~\n3.充分攪拌後，即可直接食用。~\n麥片已經完全蒸熟，可直沖泡後食用。~', '', 1);
INSERT INTO `products` (`id`, `name`, `description`, `price`, `empty_img`, `image`, `category_id`, `launch_time`, `off_time`, `stock`, `product_intro`, `intro_img`, `valid`) VALUES
(138, '核桃蔓越莓麥片 (不甜) (450g/盒) (全素)', '~．即沖即食，含膳食纖維\r\n~．香脆核桃X酸甜蔓越莓、黑葡萄乾\r\n~．完全熟化，細緻薄片、口感綿密\r\n~．Muesli ｜口感：嚼勁｜甜度：微甜 ★☆☆☆☆', 191, 'snack1018', 'snack1018.jpg', 7, '2022-01-03', '0000-00-00', 0, '原料：有機大燕麥片（芬蘭）、有機切片蔓越莓乾（有機蔓越莓乾、有機糖、有機葵花油）（加拿大）、有機黑麥片（芬蘭）、有機小麥片（芬蘭）、有機大麥片（芬蘭）、有機玉米脆片（有機玉米／非基因改造、海鹽、有機葡萄糖）（丹麥）、有機核桃（美國）、有機葡萄乾（有機葡萄乾、有機葵花油）（澳洲）。~\n驗證單位：慈心有機驗證股份有限公司~\n有機農產品驗證證書字號 1－009－210002~\n保存期限：12個月（未開封）~\n保存方式：避免日光直射，置於陰涼乾燥處，開封後請儘快食用完畢~\n委託工廠：簡單生活開發有限公司（通過國際ISO22000及HACCP食品安全驗證）~\n原產地：芬蘭、加拿大、美國、丹麥、澳洲（有機工廠專業烘焙及分裝）~\n備註：產品資訊若與包裝上略有差異時，以實際包裝上標示為準~', '', 1),
(139, '冰湖大燕麥片 (500g/盒) (全素', '~． 有機級\n~．通過歐盟Evira及慈心的雙重有機驗證\n~．純淨冰湖雪水灌溉、蘊育完美飽滿大燕麥\n~．完全熟化，細緻薄片、口感綿密\n~．Muesli ｜口感：嚼勁｜甜度：無加糖 ☆☆☆☆☆', 136, 'snack1019', 'snack1019.jpg', 7, '2022-01-02', '0000-00-00', 0, '原料：有機大燕麥片（芬蘭）~\n驗證單位：慈心有機驗證股份有限公司~\n有機農產品驗證證書字號 1－009－210002~\n保存期限：12個月（未開封）~\n保存方式：避免日光直射，置於陰涼乾燥處，開封後請儘快食用完畢~\n委託工廠：簡單生活開發有限公司~\n原產地：芬蘭~\n備註：產品資訊若與包裝上略有差異時，以實際包裝上標示為準~\n\n★ 食用方式~\n甜麥片：直接將5匙(約60公克)的有機燕麥片加入250c.c.熱開水、牛奶、果汁或優酪乳及少許糖，即可做成甜麥片。~\n鹹麥片：直接將5匙(約60公克)的有機燕麥片加入煮熟的蔬菜或肉片及少許鹽，即可做鹹麥片。~', '', 1),
(140, '冰湖黑麥片 (500g/盒)', '~． 安心級\n~．即沖即食，高膳食纖維\n~．純淨冰湖雪水灌溉、蘊育完美飽滿黑麥\n~．完全熟化，細緻薄片、口感綿密', 136, 'snack1020', 'snack1020.jpg', 7, '2022-01-04', '0000-00-00', 0, '', '', 1),
(141, '藍莓希臘優格堅果棒(5條/盒)', '~．濃郁希臘優格!!\n~．藍莓酸甜與堅果脆爽!\n~．札實口感，飽足感滿分!\n~．銷售重點\n\n~．內容量160 公克成份: 成份: 堅果(花生,腰果,杏仁)，種子(南瓜籽,葵花子)，葡萄糖，優格(糖,葵花油,優格粉,天然希臘優格香料,乳固體(低脂奶粉/全脂奶粉),大豆卵磷脂,檸檬酸)，藍莓(藍莓,糖,葵花油)，蜂蜜，米糖漿(米糖漿,水)，醋栗(醋栗,葵花油)，膨化米(米細粉,米糠)，洋車前子殼，肉桂，天然香草香料', 149, 'snack2001', 'snack2001.jpg', 8, '2022-01-01', '0000-00-00', 0, '品名:Carman’s藍莓希臘優格堅果棒~\n\n成份:堅果(花生,杏仁,腰果),水果[藍莓(藍莓,糖,葵花籽油),醋栗(醋栗,葵花籽油)],種籽(葵花籽,南瓜籽),希臘優格醬[糖,葵花籽油,優格粉(脫脂牛奶,砂糖,乳酸菌,乳酸),牛奶固形物(脫脂奶粉),複方添加劑(大豆卵磷脂,葵花籽卵磷脂),檸檬酸,天然香料],葡萄糖,菊苣纖維,脆米(米粉,米糠),蔗糖糖漿,糙米糖漿,肉桂,天然香料,海鹽。~  \n\n原產地:澳洲~\n\n淨重:160公克~\n\n有效日期:如包裝所示(日/月/西元年)~\n\n保存期限:9個月   ~\n\n．本產品含花生,堅果類,牛奶,大豆製品  ~\n\n．此營養標示適用於台灣~\n\n．請存放於乾燥陰涼處~', '', 1),
(142, '黑巧克力咖啡堅果棒 (5條/盒)', '~．不甜黑巧克力與微微苦的咖啡 吃的到碎粒咖啡豆!! 花生，杏仁，榛果 滿滿堅果!', 179, 'snack2002', 'snack2002.jpg', 8, '2022-01-03', '0000-00-00', 0, '', '', 1),
(143, '黑可可夏威夷豆堅果棒 (5條/盒)', 'carmans堅果棒新口味！ 澳洲夏威夷豆！實實在在的堅果棒！ 黑可可醬，與堅果棒超對味~ 單條獨立包裝，超方便攜帶！', 179, 'snack2003', 'snack2003.jpg', 8, '2022-01-02', '0000-00-00', 0, '', '', 1),
(144, '嘴饞止餓首選 無腹擔點心組', '~．【Daily Boost 酥脆穀物棒】\n\n~．每天來點新纖感 嘴饞止餓無「腹」擔！\n\n~．吃好吃的點心~不用擔心太多熱量\n\n~．下午茶新選擇!!!\n\n~．高纖高鈣的穀物棒~~解饞首選', 199, 'snack2004', 'snack2004.jpg', 8, '2022-01-04', '0000-00-00', 0, '內容物：~\n\n[Daily Boost] 手作蛋白餅乾-可可派對(16g/片) x 1~\n\n[Daily Boost] 手作蛋白餅乾-原味奶香 (15g/片) x 1~\n\n[Daily Boost] 手作蛋白餅乾-香脆芝麻 (15g/片) x 1~\n\n[Daily Boost] 黑可可酥脆穀物棒 25g/條 x 2~\n\n[Daily Boost] 咖啡可可酥脆穀物棒 25g/條 x 2~\n\n\n\n【Daily Boost 手作蛋白餅乾】~\n\n原味奶香 每份 碳水 5.6g ｜熱量 72 kcal ｜蛋白質 5.1g~\n\n可可派對 每份 碳水 6.4g ｜熱量 71.7 kcal ｜蛋白質 5.1g~\n\n香脆芝麻 每份 碳水 5.4g ｜熱量 74 kcal ｜蛋白質 5g~\n\n．0麵粉添加，生酮人和健身人的好夥伴~\n\n．酥脆好吃的手作蛋白餅乾~\n\n．每片含有 30%以上 蛋白質~', '', 1),
(145, '酥脆穀物棒 (黑可可/咖啡可可) (6條/盒)', '~．每天來點新纖感 嘴饞止餓無「腹」擔！\n\n~．吃好吃的點心~不用擔心太多熱量\n\n~．下午茶新選擇!!!\n\n~．高纖高鈣的穀物棒~~解饞首選', 159, 'snack2005', 'snack2005.jpg', 8, '2022-01-01', '0000-00-00', 0, '', '', 1),
(146, '酥脆穀物棒 (黑可可/咖啡可可) (25g/條)', '~．每天來點新纖感 嘴饞止餓無「腹」擔！\n\n~．吃好吃的點心~不用擔心太多熱量\n\n~．下午茶新選擇!!!\n\n~．高纖高鈣的穀物棒~~解饞首選', 30, 'snack2006', 'snack2006.jpg', 8, '2022-01-03', '0000-00-00', 0, '', '', 1),
(147, '瑞典奇亞籽優格棒 - 綜合莓果/水果椰片 (35g．24入/盒)', '~．瑞典百年榖物國民品牌\n\n~．燕麥嚴選契作生態農場\n\n~．外層包覆濃郁優格脆皮\n\n~．內層可口水果搭配椰片\n\n~．富含膳食纖維有益消化\n\n~．輕巧隨手包裝方便攜帶\n\n~．厚軟紮實不黏牙不掉屑\n\n~．非油炸健康美味\n\n~．原裝進口不分裝', 1088, 'snack2007', 'snack2007.jpg', 8, '2022-01-02', '0000-00-00', 0, '<< 水果椰片>>~\n\n．成分 : 優格風味糖衣【糖、植物油(椰子油、棕櫚仁油、棕櫚油、牛油樹油)、乾燥乳清、優格粉(牛奶、乳酸菌)、大豆卵磷脂】、鹹味焦糖風味麥片(燕麥片、棕櫚油、葡萄糖果糖漿、糖、蜂蜜、鹽、海鹽、可可粉、鹹味焦糖香料)、水飴、米球(碎米、糖、大麥麥芽萃取物、鹽、玉米油、大豆卵磷脂)、糖、玉米片(碎玉米、糖、鹽)、椰子片、蔓越莓乾片、芒果乾片、濃縮蘋果汁、棕櫚油、麥芽糊精、鼠尾草籽、蜂蜜、甘油、大豆卵磷脂、鹽、芒果香料、檸檬酸~\n\n\n\n<< 綜合莓果>>~\n\n．成分 : 優格風味糖衣【糖、植物油(椰子油、棕櫚仁油、棕櫚油、牛油樹油)、乾燥乳清、優格粉(牛奶、乳酸菌)、大豆卵磷脂】、焦糖風味麥片(燕麥片、棕櫚油、葡萄糖果糖漿、糖、蜂蜜、鹽、海鹽、可可粉、鹹味焦糖香料)、水飴、米球(碎米、糖、大麥麥芽萃取物、鹽、玉米油、大豆卵磷脂)、玉米片(碎玉米、糖、鹽)、糖、蔓越莓乾片、濃縮蘋果汁、棕櫚油、麥芽糊精、鼠尾草籽、甘油、混合莓果乾(覆盆莓、黑莓)、可可粉、蜂蜜、鹽、大豆卵磷脂、覆盆莓香料、檸檬酸~', '', 1),
(148, '什錦水果榛果穀物棒 (23g．24入/盒)', '~．瑞典百年榖物國民品牌\r\n\r\n~．燕麥嚴選契作生態農場\r\n\r\n~．可口水果搭配焦糖榛果\r\n\r\n~．富含膳食纖維有益消化\r\n\r\n~．輕巧隨手包裝方便攜帶\r\n\r\n~．厚軟紮實不黏牙不掉屑\r\n\r\n~．非油炸健康美味\r\n\r\n~．原裝進口不分裝', 888, 'snack2008', 'snack2008.jpg', 8, '2022-01-04', '0000-00-00', 0, ' <<什錦水果>>~\n\n成分 : 燕麥片、葡萄糖漿、米球 (碎米、糖、大麥麥芽萃取物、鹽、大豆卵磷脂)、糖、玉米片(碎玉米、糖、鹽)、葡萄乾、棕櫚油、麥芽糊精、碎焦糖榛果(榛果、糖)、蘋果乾片、濃縮蘋果汁、可可粉、甘油、蜂蜜、蘋果香料、大豆卵磷脂、鹽、檸檬酸~', '', 1),
(149, '濃情巧克力穀物棒 堅果巧克力/椰片巧克力 (25g．24入/盒)', '~．富含膳食纖維有益消化\r\n\r\n~．輕巧隨手包裝方便攜帶\r\n\r\n~．厚軟紮實不黏牙不掉屑\r\n\r\n~．非油炸健康美味\r\n\r\n~．原裝進口不分裝\r\n\r\n~．堅果巧克力: 爽脆堅果加濃郁巧克力\r\n\r\n~．椰片巧克力: 香脆椰片佐濃郁巧克力', 888, 'snack2009', 'snack2009.jpg', 8, '2022-01-01', '0000-00-00', 0, '<<堅果巧克力>>~\n\n．成分 : 燕麥片、牛奶巧克力(糖、可可脂、全脂奶粉、可可塊、大豆卵磷脂、香草香料)、水飴、可可米球(碎米、糖、可可粉、大麥麥芽萃取物、鹽、玉米油、大豆卵磷脂)、烤花生、糖、椰子片、玉米片(碎玉米、糖、鹽)、濃縮蘋果汁、棕櫚油、麥芽糊精、可可粉、甘油、杏仁片、碎焦糖榛果(榛果、糖)、大豆卵磷脂、鹽、檸檬酸~\n\n\n\n<<椰片巧克力>>~\n\n．成分 : 燕麥片、牛奶巧克力(糖、可可脂、全脂奶粉、可可塊、大豆卵磷脂、香草香料)、水飴、椰子片、可可米球(碎米、糖、可可粉、大麥麥芽萃取物、鹽、玉米油、大豆卵磷脂)、糖、棕櫚油、麥芽糊精、濃縮蘋果汁、可可粉、甘油、大豆卵磷脂、鹽、檸檬酸~', '', 1),
(150, '優格穀物棒- 熱帶水果/草莓/野莓 (25g．24入/盒)', '~．瑞典百年榖物國民品牌\r\n\r\n~．燕麥嚴選契作生態農場\r\n\r\n~．富含膳食纖維有益消化\r\n\r\n~．輕巧隨手包裝方便攜帶\r\n\r\n~．厚軟紮實不黏牙不掉屑\r\n\r\n~．非油炸健康美味\r\n\r\n~．原裝進口不分裝\r\n\r\n~．熱帶水果: 熱帶鮮香芒果淋上優格\r\n\r\n~．草莓: 鮮甜草莓果粒淋上優格\r\n\r\n~．野莓: 酸甜野莓果粒淋上優格', 888, 'snack2010', 'snack2010.jpg', 8, '2022-01-03', '0000-00-00', 0, '<<熱帶水果>>~\n\n．成分 : 燕麥片、優格味白色塗層【糖、椰子油、棕櫚仁油、棕櫚油、牛油樹油、乳清粉、優格粉(牛奶、乾酪菌)、大豆卵磷脂】、葡萄糖漿、椰子片、米球(碎米、糖、大麥麥芽萃取物、食鹽、玉米油、大豆卵磷脂)、糖、玉米片(碎玉米、糖、食鹽)、棕櫚油、麥芽糊精、乾芒果片、乾鳳梨片、濃縮蘋果汁、蜂蜜、甘油、大豆卵磷脂、椰子香料、食鹽、檸檬酸~\n\n\n\n<<草莓>>~\n\n．成分 : 燕麥片、優格味白色塗層【糖、椰子油、棕櫚仁油、棕櫚油、牛油樹油、乳清粉、優格粉(牛奶、乾酪菌)、大豆卵磷脂】、葡萄糖漿、米球(碎米、糖、大麥麥芽萃取物、食鹽、玉米油、大豆卵磷脂)、糖、玉米片(碎玉米、糖、食鹽)、乾草莓粒、棕櫚油、麥芽糊精、濃縮蘋果汁、冷凍乾燥草莓粒、蜂蜜、甘油、可可粉、大豆卵磷脂、草莓香料、食鹽、檸檬酸~\n\n\n\n<<野莓>>~\n\n．成分 : 燕麥片、優格味白色塗層【糖、椰子油、棕櫚仁油、棕櫚油、牛油樹油、乳清粉、優格粉(牛奶、乾酪菌)、大豆卵磷脂】、葡萄糖漿、米球(碎米、糖、大麥麥芽萃取物、食鹽、大豆卵磷脂)、糖、玉米片(碎玉米、糖、食鹽)、棕櫚油、麥芽糊精、草莓乾、蔓越莓乾、濃縮蘋果汁、冷凍乾燥藍莓粒、可可粉、蜂蜜、甘油、大豆卵磷脂、野莓香料、食鹽、檸檬酸~', '', 1),
(151, '分離豌豆蛋白隨手包 + 蛋白點心', '~． 富含18種胺基酸，包含9種人體必需胺基酸\n\n~． 新包裝上市，給你全台最新鮮的豌豆分離蛋白！\n\n~．無罪惡感的點心選擇\n\r\n~．登山/健身/下午茶的最佳選擇', 352, 'snack2011', 'snack2011.jpg', 8, '2022-01-02', '0000-00-00', 0, ' 分離豌豆蛋白 (30g/包) 靜岡抹茶、烏龍奶茶、花生可可~\n\n．每份蛋白質含量高達23g，吸收率高達94%~\n\n． 每份豌豆蛋白(30公克)中約含4公克BCAA~\n\n． 支鏈胺基酸黃金比例 白胺酸：異白胺酸：纈胺酸=2：1：1~\n\n 蛋白巧克力、花生脆皮捲 (30g/包)~\n\n蛋白美式曲奇餅乾-黑可可碎豆 30g/包~\n\n．蛋白美式曲奇餅乾~\n\n．無麩質、無添加香料~\n\n．蛋白質含量32%~\n\n\n\n 蛋白棒 花生黑巧克力（單支）~\n\n．富含35%蛋白質~\n\n．無反式脂肪，1條只有176kcal~\n', '', 1),
(152, '黑巧克力蔓越莓蛋白棒(5條/盒)', '~．每條富含10.8g蛋白質\r\n~．黑巧克力X蔓越莓口味提升\r\n~．營養美味方便攜帶', 149, 'snack2012', 'snack2012.jpg', 8, '2022-01-04', '0000-00-00', 0, '', '', 1),
(153, '奶油餅乾蛋白棒 (5條/盒)', '無麩質且每條含有10g蛋白質!', 179, 'snack2013', 'snack2013.jpg', 8, '2022-01-01', '0000-00-00', 0, '', '', 1),
(154, '鹹焦糖花生蛋白棒 (5條/盒)', '~．富含27.8%蛋白質\r\n~．口感清爽無負擔\r\n~．高營養堅果、種籽\r\n~．營養美味方便攜帶', 179, 'snack2014', 'snack2014.jpg', 8, '2022-01-03', '0000-00-00', 0, '', '', 1),
(155, '花生優格蛋白棒 (5條/盒)', '2021年5月新品蛋白棒獨家上市! \r\n\r\n~．富含25%蛋白質\r\n~．口感清爽無負擔\r\n~．高營養堅果、種籽\r\n~．營養美味方便攜帶', 179, 'snack2015', 'snack2015.jpg', 8, '2022-01-02', '0000-00-00', 0, '', '', 1),
(156, '莓果希臘優格蛋白棒 (5條/盒)', '~．每條富含10g蛋白質\r\n~．濃郁希臘優格搭上酸甜莓果\r\n~．營養美味方便攜帶', 149, 'snack2016', 'snack2016.jpg', 8, '2022-01-04', '0000-00-00', 0, '', '', 1),
(157, '焦鹽黑可可大豆蛋白棒 (5條/盒)', '~．新品上市: 焦鹽黑可可大豆蛋白棒! \n\n~．一條40g，含10g蛋白質~ 補充蛋白質也可以很 美 味！\n~．濃郁希巧克力風味撒下帶點鹹味的海鹽，運動完來條美味protein bar!', 179, 'snack2017', 'snack2017.jpg', 8, '2022-01-01', '0000-00-00', 0, '', '', 1),
(158, '分離大豆蛋白 (1kg/袋) + 素食蛋白點心 激安組', ' ~．分離大豆蛋白~．1 x 素食蛋白棒 香草杏仁果~．1椰香巧克力~．1\n\n ~．分離大豆蛋白 (1kg/袋)\n\n~． 每份蛋白質含量高達28g\n\n~． 每份大豆蛋白(30公克)中約含4.7公克BCAA\n\n~． 支鏈胺基酸黃金比例 白胺酸：異白胺酸：纈胺酸=2：1：1\n\n~． 含多種人體必需胺基酸，可取代動物性蛋白\n\n~． 包裝內含湯匙(一湯匙約25~30g)\n\n~． 新包裝上市，給你全台最新鮮的大豆分離蛋白！\n\n素食乳清蛋白棒 40g/條', 799, 'snack2018', 'snack2018.jpg', 8, '2022-01-03', '0000-00-00', 0, '香草杏仁果(每100g)~\n熱量441大卡~\n\n蛋白質25公克~\n\n脂肪20公克~\n\n飽和脂肪5.5公克~\n\n反式脂肪0公克~\n\n碳水化合物36大卡~\n\n糖23公克~\n\n鈉224毫克~\n\n本包裝規格40 g~\n\n\n\n可可椰子(每100g)~\n\n熱量433大卡~\n\n蛋白質25公克~\n\n脂肪20公克~\n\n飽和脂肪6.7公克~\n\n反式脂肪0公克~\n\n碳水化合物35大卡~\n\n糖22公克~\n\n鈉224毫克~\n\n本包裝規格~\n\n40 g~', '', 1),
(159, '綜合堅果 (200g/罐) (全素)', '~．綜合堅果選用多種果乾，經低溫烘焙，全素\r\n\r\n~．非油炸，輕鬆攝取無負擔\r\n\r\n~．日常點心或下午茶的最佳選擇\r\n\r\n~．香Q爽脆的多層次口感，大人小孩都喜歡', 194, 'snack3001', 'snack3001.jpg', 9, '2022-01-02', '0000-00-00', 0, '', '', 1),
(160, '輕烘焙 ● 八珍堅果 (220g/罐) (全素)', '~．每份 碳水 3.7g ｜熱量 55.1 kcal ｜蛋白質 1.8g\r\n~．輕烘焙，非油炸，無調味！健康新主張！\r\n~．日常點心、下午茶最佳選擇~ 香Q爽脆多層次口感，大人小孩都喜歡~\r\n~．全素可食~補充營養最佳食品~ 無人工香料、人工色素', 282, 'snack3002', 'snack3002.jpg', 9, '2022-01-04', '0000-00-00', 0, '', '', 1),
(161, '鹽烤3色堅果 (170g/罐)(全素)', '~．每份 碳水 2.2g ｜熱量 59 kcal ｜蛋白質 2.6g\r\n~．低溫烘焙，非油炸！健康新主張！ 日常點心、下午茶最佳選擇~\r\n~．香Q爽脆多層次口感，大人小孩都喜歡~\r\n~．全素可食~補充營養最佳食品~ 無人工香料、人工色素', 233, 'snack3003', 'snack3003.jpg', 9, '2022-01-01', '0000-00-00', 0, '', '', 1),
(162, '無調味杏仁 (170g/罐)(全素)', '~．每份 碳水 1.7g ｜熱量 61.7 kcal ｜蛋白質 2.8g\r\n~．素食可\r\n~． 小包裝 攜帶方便\r\n~．嚴選當季新鮮原料\r\n~． 呈現堅果原始風味\r\n\r', 230, 'snack3004', 'snack3004.jpg', 9, '2022-01-03', '0000-00-00', 0, '規格:170公克~\n\n成分:杏仁果~\n\n產地:台灣~\n\n保存期限:365天~', '', 1),
(163, '無調味核桃仁 (100g/罐)(全素)', '~．每份 碳水 1.4g ｜熱量 72.2 kcal ｜蛋白質 1.5g\r\n~．素食可\r\n~．小包裝 攜帶方便\r\n~． 嚴選當季新鮮原料\r\n~．呈現堅果原始風味', 200, 'snack3005', 'snack3005.jpg', 9, '2022-01-02', '0000-00-00', 0, '規格:100公克~\n\n成分:核桃仁、維他命C鈉鹽(抗氧化劑)、阿拉伯膠~\n\n產地:台灣~\n\n保存期限:365天~', '', 1),
(164, '無調味夏威夷豆 (150g/罐)(全素)', '~．每份 碳水 2g ｜熱量 72.2 kcal ｜蛋白質 0.9g\r\n~． 素食可\r\n~． 小包裝 攜帶方便\r\n~． 嚴選當季新鮮原料\r\n~． 呈現堅果原始風味', 360, 'snack3006', 'snack3006.jpg', 9, '2022-01-04', '0000-00-00', 0, '規格:150公克~\n\n成分:夏威夷豆~\n\n產地:台灣~\n\n保存期限:365天~\n\n', '', 1),
(165, '無調味腰果 (150g/罐)(全素)', '~．每份 碳水 3.3g ｜熱量 59.3 kcal ｜蛋白質 2g\r\n~．素食可\r\n~．小包裝 攜帶方便\r\n~．嚴選當季新鮮原料\r\n~．呈現堅果原始風味', 230, 'snack3007', 'snack3007.jpg', 9, '2022-01-01', '0000-00-00', 0, '規格:150公克~\n\n成分:腰果仁~\n\n產地:台灣~\n\n保存期限:365天~', '', 1),
(166, '無調味綜合堅果 (140g/罐)(全素)', '~．每份 碳水 2.1g ｜熱量 66.3 kcal ｜蛋白質 5.4g\r\n~． 素食可\r\n~．小包裝 攜帶方便\r\n~． 嚴選當季新鮮原料\r\n~． 呈現堅果原始風味', 230, 'snack3008', 'snack3008.jpg', 9, '2022-01-03', '0000-00-00', 0, '規格:140公克~\n\n成分:腰果、核桃、杏仁、夏威夷豆、維他命C鈉鹽(抗氧化劑)、阿拉伯膠~\n\n產地:台灣~\n\n保存期限:365天~', '', 1),
(167, '無調味綜合堅果 (5福) (300g/袋) (全素)', '~．每份 碳水 5.7g ｜熱量 170 kcal ｜蛋白質 4.1g \r\n~．內容物:腰果、核桃、杏仁果、胡桃仁、夏威夷果\r\n~．無任何調味給你真實的自然原味\r\n\r\n~．包裝內無附湯匙', 379, 'snack3009', 'snack3009.jpg', 9, '2022-01-02', '0000-00-00', 0, '', '', 1),
(168, '無調味綜合堅果 (4寶) (300g/袋) (全素)', '~．每份 碳水 5.5g ｜熱量 163 kcal ｜蛋白質 4.9g \r\n~．內容物:腰果、核桃、杏仁果、胡桃仁\r\n~．無任何調味給你真實的自然原味', 364, 'snack3010', 'snack3010.jpg', 9, '2022-01-04', '0000-00-00', 0, '', '', 1),
(169, '無調味綜合堅果 (3珍)', '~．每份 碳水 17.3g ｜熱量 157 kcal ｜蛋白質 4.7g \r\n~．內容物:腰果、核桃、杏仁果\r\n~．無任何調味給你真實的自然原味', 309, 'snack3011', 'snack3011.jpg', 9, '2022-01-01', '0000-00-00', 0, '', '', 1),
(170, '無調味南瓜仁 (300g/袋) (全素)', '~．每份 碳水 3.4g ｜熱量 140 kcal ｜蛋白質 7.6g \r\n~．萬中選一飽滿果粒\r\n~．慢火烘烤3A等級果仁，無任何調味給你真實的自然原味', 174, 'snack3012', 'snack3012.jpg', 9, '2022-01-03', '0000-00-00', 0, '', '', 1),
(171, '無調味夏威夷果 (300g/袋) (全素)', '~．每份 碳水 3.5g ｜熱量 180 kcal ｜蛋白質 2.1g \r\n~．清脆爽口，極致美味\r\n~．無調味/原香原豆自然堅果', 429, 'snack3013', 'snack3013.jpg', 9, '2022-01-02', '0000-00-00', 0, '', '', 1),
(172, '輕調味核桃仁 (300g/袋) (全素)', '~．每份 碳水 3.5g ｜熱量 164 kcal ｜蛋白質 3.8g \r\n~．輕調味/去除核桃薄膜苦澀\r\n~．精挑細選飽滿果粒', 299, 'snack3014', 'snack3014.jpg', 9, '2022-01-04', '0000-00-00', 0, '', '', 1),
(173, '無調味胡桃果 (300g/袋) (全素)', '~．每份 碳水 3.5g ｜熱量 187 kcal ｜蛋白質 3.2g \r\n~．生酮飲食黃金比例堅果\r\n~．原豆烘烤，口感酥脆', 474, 'snack3015', 'snack3015.jpg', 9, '2022-01-01', '0000-00-00', 0, '', '', 1),
(174, '無調味杏仁果 (300g/袋) (全素)', '~．每份 碳水 4.3g ｜熱量 146 kcal ｜蛋白質 6.2g \r\n~．精挑細選NP級杏仁果\r\n~．慢火烘烤無調味給你真實的自然原味', 269, 'snack3016', 'snack3016.jpg', 9, '2022-01-03', '0000-00-00', 0, '', '', 1),
(175, '無調味腰果仁 (300g/袋) (全素)', '~．每份 碳水 7.5g ｜熱量 138 kcal ｜蛋白質 4.5g \r\n~．選自越南WW240號大顆腰果 \r\n~．無調味給你真實的自然原味', 325, 'snack3017', 'snack3017.jpg', 9, '2022-01-02', '0000-00-00', 0, '', '', 1),
(176, '無調味 有機三珍堅果 (120g/罐) (全素)', '~．有機級，高膳食纖維，天然無調味\n~．低溫慢烘輕焙不油炸，清爽無負擔\n~．無添加防腐劑、人工香料及色素\n~．居家/ 辦公室/ 郊遊外出踏青必備商品', 265, 'snack3018', 'snack3018.jpg', 9, '2022-01-04', '0000-00-00', 0, '', '', 1),
(177, '玫瑰鹽烤 有機綜合堅果 (150g/罐) (全素)', '~．有機級，高膳食纖維，玫瑰鹽烤，清爽好滋味\n~．低溫慢烘輕焙不油炸，清爽無負擔\n~．無添加防腐劑、人工香料及色素\n~．居家/ 辦公室/ 郊遊外出踏青必備商品', 265, 'snack3019', 'snack3019.jpg', 9, '2022-01-01', '0000-00-00', 0, '', '', 1),
(178, '黑糖蜂蜜 有機腰果 (130g/罐)', '~．有機級，高膳食纖維\n~．低溫慢烘輕焙不油炸，清爽無負擔\n~．無添加防腐劑、人工香料及色素\n~．有機香醇黑糖X純龍眼蜂蜜 獨特調味\n~．居家/ 辦公室/ 郊遊外出踏青必備商品', 265, 'snack3020', 'snack3020.jpg', 9, '2022-01-03', '0000-00-00', 0, '', '', 1),
(179, '有機綜合堅果仁 (200g/包) (全素)', '~．每份 碳水 3.5g ｜熱量 124 kcal ｜蛋白質 4.9g \r\n\r\n~．有機級\r\n~．無添加防腐劑、人工香料及色素\r\n~．保證不使用農藥、化學肥料及人工添加物\r\n~．未經烘焙，生機果仁，適合打養生精力湯添加用', 230, 'snack3021', 'snack3021.jpg', 9, '2022-01-02', '0000-00-00', 0, '原料：有機南瓜子（中國）、有機腰果（越南）、有機杏仁果（美國）、有機核桃（美國）~\n驗證單位：慈心有機驗證股份有限公司~\n有機農產品驗證證書字號：1－009－210002~\n保存期限：24個月 （未開封前）~\n保存方式：避免日光直射，置於陰涼乾燥處，開封後請儘快食用完畢~\n原產地：美國、中國、越南~\n備註：產品資訊若與包裝上略有差異時，以實際包裝上標示為準~\n有機堅果生菜沙拉：將綜合堅果清洗再加熱烘烤後，加入生菜沙拉中，一同攪拌後即可食用。~\n\n有機堅果精力湯：直接將有機堅果及精力湯相關食材，一同加入調理果汁機中一同打碎後即可食用。~', '', 1),
(180, '有機熟黑芝麻粒 (145g/包) (全素)', '~．每份 碳水 1.1g ｜熱量 32 kcal ｜蛋白質 0.8g \r\n~．慈心有機驗證商品\r\n~．無添加防腐劑、人工香料及色素\r\n~．來自玻利維亞有機農場栽培', 135, 'snack3022', 'snack3022.jpg', 9, '2022-01-04', '0000-00-00', 0, '米森 有機熟黑芝麻粒~\n\n嚴選有機食品，完全採用有機農法種植作物，不使用農藥、化學肥料及任何人工添加物，完整保留有機食品的天然成份，照顧全家人的身體，也愛護地球的每一寸土地。~ \n\n有機農法：回歸大地最純淨的生命力為宗旨！從嚴格選種開始，到淨化土壤的管理，使大地不受重金屬、化肥、農藥、及除草劑的汙染，給予人們無汙染及最有生命力的作物，使身體遠離現代精緻飲食及化學添加物所帶來的負擔。~ \n\n【商品規格】~\n\n原料：有機黑芝麻粒 ~\n\n驗證單位：慈心有機驗證股份有限公司 ~\n\n有機農產品驗證證書字號：TOC-P0002 ~\n\n規格：145公克 ~\n\n保存期限：12個月 (未開封前) ~\n\n保存方式：避免日光直射，置於陰涼乾燥處，開封後請冷藏並請儘快食用完畢 ~\n\n原產地：台灣~\n\n【青荷御膳房】~\n\n1.可直接攪拌米飯、麵條或粥品飲用。~ \n\n2.加入精力湯食材中，一同調理後食用。~', '', 1);

-- --------------------------------------------------------

--
-- 資料表結構 `products_category`
--

CREATE TABLE `products_category` (
  `category_id` int(3) UNSIGNED NOT NULL,
  `main_category` varchar(50) COLLATE utf8mb4_unicode_ci NOT NULL,
  `sub_category` varchar(50) COLLATE utf8mb4_unicode_ci NOT NULL
) ENGINE=InnoDB DEFAULT CHARSET=utf8mb4 COLLATE=utf8mb4_unicode_ci;

--
-- 傾印資料表的資料 `products_category`
--

INSERT INTO `products_category` (`category_id`, `main_category`, `sub_category`) VALUES
(1, '植物奶', '燕麥奶'),
(2, '植物奶', '杏仁奶'),
(3, '植物奶', '堅果奶'),
(4, '有機蔬果汁', '果汁'),
(5, '有機蔬果汁', '蔬菜汁、氣泡水'),
(6, '有機蔬果汁', '果昔、果醋'),
(7, '營養點心', '麥片'),
(8, '營養點心', '燕麥棒、蛋白棒'),
(9, '營養點心', '堅果');

-- --------------------------------------------------------

--
-- 資料表結構 `products_comment`
--

CREATE TABLE `products_comment` (
  `id` int(5) UNSIGNED NOT NULL,
  `user_id` int(6) NOT NULL,
  `product_id` int(5) NOT NULL,
  `comment` text NOT NULL,
  `grade` int(2) NOT NULL,
  `valid` tinyint(4) NOT NULL,
  `time` date NOT NULL DEFAULT current_timestamp()
) ENGINE=InnoDB DEFAULT CHARSET=utf8;

--
-- 傾印資料表的資料 `products_comment`
--

INSERT INTO `products_comment` (`id`, `user_id`, `product_id`, `comment`, `grade`, `valid`, `time`) VALUES
(1, 6, 2, '非常普通的燕麥奶，各位不要亂喝', 2, 1, '2022-09-24'),
(2, 6, 97, '賣這麼貴，老闆你真的很蕭貪欸', 2, 1, '2022-09-24'),
(3, 6, 139, '好難吃哦，我以為在吃狗飼料@@', 1, 1, '2022-09-24'),
(4, 6, 1, '非常好喝，我應該買斷這款！！！！！！！', 5, 1, '2022-09-24'),
(5, 6, 61, '非常普通又很貴，當我們消費者是盤子嗎？？？怒', 2, 1, '2022-09-24'),
(6, 6, 121, '蜂蜜口味香氣十足，吃的時候彷彿聽到蜜蜂嗡嗡嗡～～～讚透了', 5, 1, '2022-09-24'),
(7, 6, 63, '就很普通，喝起來很空虛，覺得被騙錢～～～～～', 2, 1, '2022-09-24'),
(8, 6, 122, '這個系列真的都很好吃欸，吃完我上課教書都有力氣喔！', 5, 1, '2022-09-24'),
(9, 7, 61, '營養又好喝，根本人間美味', 5, 1, '2022-09-24'),
(10, 7, 4, '無糖又不香，這款飲料真的打咩ＸＸＸＸＸＸ', 2, 1, '2022-09-24'),
(11, 7, 121, '好吃喔～～～吃完我都被蜜蜂叮咬了讚讚讚', 5, 1, '2022-09-24'),
(12, 7, 122, '好吃到不像話！！！！！！一定要回購', 5, 1, '2022-09-24'),
(13, 7, 123, '相對於其他口味來說稍微普通', 3, 1, '2022-09-24'),
(14, 7, 62, '難喝到無法嚥下，可以下架了怒怒怒', 1, 1, '2022-09-24'),
(15, 7, 1, '收到包裝我以為是芭樂汁，沒想到是好喝的燕麥奶～～～愛了', 5, 1, '2022-09-24'),
(16, 7, 2, '又不咖啡又不燕麥奶，普普欸', 3, 1, '2022-09-24'),
(17, 7, 3, '真的豪好喝Ｒ', 4, 1, '2022-09-24'),
(18, 8, 1, '好喝！！！！！下次必買', 5, 1, '2022-09-24'),
(19, 8, 2, '其實還好，喝ㄌ 一杯放到過期\n', 3, 1, '2022-09-24'),
(20, 8, 21, '難喝至極～～～～～～～～要吐了', 1, 1, '2022-09-24'),
(21, 8, 41, '就只能說讚了', 4, 1, '2022-09-24'),
(22, 8, 61, '明明就很好喝，某樓口味很刁鑽欸哼哼', 4, 1, '2022-09-24'),
(23, 8, 62, '非常助排便，我喝了一天跑廁所次數超過5根手指頭12345', 4, 1, '2022-09-24'),
(24, 8, 121, '好吃到我都想買蜜蜂裝來穿囉嗡嗡嗡嗡嗡', 5, 1, '2022-09-24'),
(25, 8, 122, '難吃～～～～～～～～～～～～～～', 2, 1, '2022-09-24'),
(26, 8, 123, '敲擊讚 敲喜翻 愛愛愛愛愛', 5, 1, '2022-09-24'),
(27, 1, 60, '很普通欸，嚐鮮過後也不會想回購～～～', 3, 1, '2022-09-25'),
(28, 1, 75, '爆炸難喝欸！！！！價格又很貴', 1, 1, '2022-09-25'),
(29, 1, 151, '很普通，吃不出來有啥特別', 3, 1, '2022-09-25'),
(30, 1, 1, 'wow這奶太讓人驚艷了，推推', 5, 1, '2022-09-25'),
(31, 1, 2, '讓人食不下嚥的東西，懇請貴平台快點下架～～～', 1, 1, '2022-09-25'),
(32, 1, 3, '我都一邊寫程式一邊配這個燕麥奶，bug通通bang不見', 5, 1, '2022-09-25'),
(33, 1, 121, '好吃到升天，下輩子投胎當蜜蜂幫忙採花蜜～～～', 5, 1, '2022-09-25'),
(34, 2, 3, '好好喝我都一次灌完一罐～～～', 4, 1, '2022-09-26'),
(35, 2, 22, '太好喝了，我都把這罐當水了～～～', 5, 1, '2022-09-27'),
(36, 2, 2, '偶的粉絲說這個燕麥奶粉好喝，雖然偶的粉絲是霜民但偶認同他們～～～', 4, 1, '2022-09-27'),
(37, 2, 61, '好喝好喝～～～但我也覺得某樓不需要如此兇欸，不過就是一個飲料，至於嗎？？？', 5, 1, '2022-09-27'),
(38, 2, 62, '喝完之後我發現我上廁所都順順暢暢羅（愛愛愛愛', 5, 1, '2022-09-27'),
(39, 2, 64, '我聽說女生吃蔓越莓對身體很好，難怪我喝了之後覺得仙氣飄飄，神清氣爽～～～', 5, 1, '2022-09-27'),
(40, 2, 81, '敲擊難喝，哭哭你們不要賣這種東西啦QQ', 1, 1, '2022-09-27'),
(41, 2, 121, '我是女王蜂所以我一定要大推這個好吃的東西><', 5, 1, '2022-09-27'),
(42, 13, 3, '王子都是喝咖啡大師燕麥奶長大的～～～', 4, 1, '2022-09-27'),
(43, 13, 121, '好吃到流淚～～～吃完這個蜂蜜烤堅果脆榖塊，我認為政府應該積極補助養蜂農（嗡嗡嗡', 5, 1, '2022-09-27'),
(44, 9, 1, '你們這個包裝的顏色不正確，所以我只能給一顆星！', 1, 1, '2022-09-27'),
(45, 9, 81, '敲擊難喝+1，這種東西喝了要怎麼當學霸？？？', 1, 1, '2022-09-27'),
(46, 9, 102, '還不錯啦～～～但是價格有點貴，喝完覺得自己是盤子～～～', 3, 1, '2022-09-27'),
(47, 9, 122, '以學霸的口味說，非常的普通，毫無美味可言ＱＱ', 2, 1, '2022-09-27');

-- --------------------------------------------------------

--
-- 資料表結構 `recipes`
--

CREATE TABLE `recipes` (
  `id` int(6) UNSIGNED NOT NULL,
  `title` varchar(50) NOT NULL,
  `main_img` varchar(50) NOT NULL,
  `intro` text NOT NULL,
  `cooking_time` varchar(30) NOT NULL,
  `servings` int(2) NOT NULL,
  `category_id` int(3) NOT NULL,
  `create_time` datetime NOT NULL,
  `valid` tinyint(4) NOT NULL
) ENGINE=InnoDB DEFAULT CHARSET=utf8mb4;

--
-- 傾印資料表的資料 `recipes`
--

INSERT INTO `recipes` (`id`, `title`, `main_img`, `intro`, `cooking_time`, `servings`, `category_id`, `create_time`, `valid`) VALUES
(1, '芒果堅果燕麥奶', 'beverage001.jpg', '夏天來一杯芒果汁是最幸福的一件事情了，有一天先生説：太太，我想來一杯～～我說：芒果汁。先生說：不愧是我太太，懂我的明白！我說：再幫你加一些牛奶。喜歡手作的我開始研究如何做出適合家人的芒果果汁。家人都喜歡單純簡單的食物原型做成的料理，於是我只使用芒果和牛奶喲！喜歡的朋友也可以試著做看看～～', '10', 5, 1, '2022-09-12 13:24:56', 1),
(2, '堅果豆腐腦豆漿', 'beverage002.jpg', '天氣涼涼的早晨，來一碗熱呼呼的豆腐腦豆漿，身心都覺得暖起來了!無負擔又含豐富的植物性蛋白質與堅果的維生素E及多種的營養素，營養美味也可以很簡單。', '15', 1, 1, '2022-09-12 14:51:37', 1),
(3, '藍莓堅果飲', 'beverage003.jpg', '酸甜好喝的藍莓堅果飲最適合夏天解饞', '5', 1, 1, '2022-09-12 15:01:38', 1),
(4, '酪梨堅果奶', 'beverage004.jpg', '自家新鮮現打的酪梨牛奶，口感濃郁、零添加、營養滿分！', '5', 2, 1, '2022-09-12 15:18:55', 1),
(5, '蜜茶果醋', 'beverage005.jpg', '炎熱的夏天，很適合餐後飲，自己泡紅茶加上蜂蜜跟果醋，就有好喝健康的冰飲。', '5', 2, 1, '2022-09-12 15:27:06', 1),
(6, '梅醋黑木耳氣泡飲', 'beverage006.jpg', '一口喝下，不但兼具酸甜、咕溜與順口的三重滋味，黃黑色的雙層亮麗色澤，就連視覺也獲得極大滿足，酸甜的柔順口感，不僅好入喉，又因略帶有梅子醋的甜香氣息，增添些許果香微韻。', '5', 2, 1, '2022-09-12 15:31:51', 1),
(7, '低糖低油咖啡燕麥奶吐司', 'bake001.jpg', '出爐的時候，我真得有被驚嚇到，因為皮好脆，然後裡頭好軟，真的一口接一口的吃\r\n而且自從用鹽麴做麵包後，發現口感更好，愛上鹽麴取代鹽的功效了', '180', 4, 2, '2022-09-12 15:40:36', 1),
(8, '燕麥葡萄乾餅乾', 'bake002.jpg', '這款燕麥葡萄乾餅乾健康素食主義者所喜愛。 快速簡便地製作，您只需要一個碗和一個烤盤。 由美味的葡萄乾，有益健康的燕麥製成，這些美味的餅乾既爽口，健康又令人滿足。', '30', 2, 2, '2022-09-12 15:50:01', 1),
(9, '南瓜布朗尼', 'bake003.jpg', '南瓜低熱量又高纖 用來製作甜點 本身就帶有淡淡的甜味 即便不加糖也行\r\n相較於一班布朗尼 是超級健康版', '15', 4, 2, '2022-09-12 15:55:40', 1),
(10, '香蕉燕麥磅蛋糕', 'bake004.jpg', '濃郁好吃的香蕉燕麥棒蛋糕，低卡不怕胖', '60', 4, 2, '2022-09-12 16:01:06', 1),
(11, '低卡燕麥提拉米蘇', 'bake005.jpg', '減脂期間解甜點的饞', '10', 1, 2, '2022-09-12 16:13:48', 1),
(12, '鹽麴燕麥奶麵包', 'bake006.jpg', '好喜歡中種法做出來的麵包，尤其加上自製鹽麴，真的外皮嚼勁，裡頭好軟，我覺得很適合家裡有年老的長輩們', '200', 4, 2, '2022-09-12 16:23:49', 1),
(13, '歐式果乾堅果麵包', 'bake007.jpg', '這款歐式麵包利用冷藏發酵的手法，讓麵團的筋性自己慢慢形成。這樣不只節省力氣，經過一夜的等待，麵包的風味也提升了。想要吃到無添加的外酥內軟歐包，不妨自己動手做~ 可以添加自己喜歡的堅果和果乾變換口味哦!', '120', 10, 2, '2022-09-12 16:32:52', 1),
(14, '夏威夷豆堅果塔', 'bake008.jpg', '簡單煮好一鍋牛奶糖液，再拌上滿滿的夏威夷豆和堅果蔓越莓。每一口咬下，都是滿滿香甜的堅果牛奶糖香，是一道家裡孩子十分稱讚的甜點。當作派對點心，或是學校分享禮也很適合♪', '45', 10, 2, '2022-09-12 16:42:34', 1),
(15, '甜橙堅果磅蛋糕', 'bake009.jpg', '一次備好磅蛋糕基礎麵糊，再分成兩種口味，本次挑戰用氣炸鍋，一個巧克力煉乳口味，一個甜橙堅果口味，因為每種氣炸鍋外型及熱能不一，所以要斟酌調整一下喔', '60', 3, 2, '2022-09-12 16:49:51', 1),
(16, '燕麥奶南瓜濃湯', 'light001.jpg', '將三高剋星—燕麥，與護心、護眼的南瓜，調製成一道療癒湯品，搭配地瓜、紅蘿蔔、西芹等食材，味道豐富優雅，口中充滿濃醇的香氣，快跟著觀音山主廚，一起素食料理簡單做吧！​', '30', 3, 3, '2022-09-12 16:58:01', 1),
(17, '燕麥酪梨水果碗', 'light002.jpg', '低GI飲食', '5', 3, 3, '2022-09-12 17:05:23', 1),
(18, '生菜堅果沙拉', 'light003.jpg', '', '10', 2, 3, '2022-09-12 17:11:29', 1),
(19, '鮮蝦堅果溫沙拉', 'light004.jpg', '沙拉除了加入水果也能有其他選擇喔！\r\n在法國溫沙拉是餐桌上很普遍的料理，只是多了一道程序，卻可以讓沙拉變得更高級呦！', '15', 3, 3, '2022-09-12 17:24:04', 1),
(20, '堅果奶油冰淇淋', 'light005.jpg', '夏天到了，想吃冰品。這個冰品簡單製作，大家可以試試看。\r\n\r\n此外，比起動物鮮奶油，我更喜歡大豆鮮奶油，但不希望一般植物鮮奶油有使用轉化糖漿，本次使用的大豆鮮奶油，並未使用轉化糖漿，因此淨碳水才不會超標。', '30', 1, 3, '2022-09-12 17:39:05', 1),
(21, '酪梨堅果沙拉飯', 'light006.jpg', '市售青醬其實是油脂含量很高的醬料，但既然都要吃當然要吃好油，這時超營養的酪梨就是你的神隊友只要和九層塔打碎就是速成青醬，免加熱營養不流失（當然你也不會在廚房被加熱），冰冰涼涼淋在飯上再用生菜和水煮蛋點綴，哇喔這不就是時下最潮的沙拉飯嗎', '10', 1, 3, '2022-09-12 17:50:33', 1),
(22, '燕麥奶時蔬筆管麵', 'light007.jpg', '吸附滿滿燕麥奶精華的筆管麵，口感柔和滑順，搭配紅黃、青椒以及蘑菇等新鮮食材，完美的勾芡比例，每一口都可以吃出健康與滿足，最時尚的義式料理，深深擄獲你的味蕾，快跟著觀音山主廚，一起素食料理簡單做吧！​', '30', 1, 3, '2022-09-12 17:57:00', 1),
(23, '檸檬羅勒夏日飲', 'beverage007.webp', '炎熱的夏天，來一杯大人系透心涼的「檸檬羅勒夏日飲」是最暢快無比的選擇。作法超簡易，低糖無酒精，每啜一口彷彿涼風吹過般的清爽。', '10', 2, 1, '2022-09-22 14:24:00', 1),
(24, '香蕉燕麥可可', 'beverage008.jpg', '以燕麥舖底，將鮮果層層堆疊，搭配高蛋白飲品，保足低卡又高纖，營養美味一次兼顧', '10', 1, 1, '2022-09-22 14:40:21', 1),
(25, '芭樂薄荷檸檬柚子酒香冰涼飲', 'beverage009.webp', '芭樂維他命C含量超高的，比柳橙蘋果都高很多，是家裡超級常吃的水果。\r\n\r\n除了維生素C，也富含膳食纖維、維生素A、維生素C、葉酸，以及多酚類、類黃酮素等抗氧化物質，能對抗自由基，降血壓、血脂，平常可多吃芭樂對身體好處多多。\r\n\r\n吃芭樂好處多，在這熱呼呼的夏天，就來打杯冰涼芭樂飲吧！\r\n\r\n加上檸檬汁，薄荷葉與柚子薄荷酒。冰冰的喝一大口，消暑又解渴，健康又美味！', '5', 2, 1, '2022-09-22 15:13:12', 1),
(26, '芒果莫希托', 'beverage010.webp', '無酒精版本的Mojito大人小孩都可以喝，一杯清涼濃縮了芒果香甜、檸檬的酸味和薄荷的清香．\r\n閉上眼睛暢飲一口，好像看見棕梠搖曳、海風輕拂的Havana，哇～暑氣全消了。', '10', 1, 1, '2022-09-22 15:21:55', 1),
(27, '粉紅萊姆酒', 'beverage011.webp', '每年一到草莓季 就要開始忙兩件事\r\n1. 狂吃草莓\r\n2. 準備做草莓酒\r\n\r\n粉紅蘭姆酒 （名字是我突發奇想的）\r\n但這次要用草莓來做調酒，材料超簡單\r\n怎麼調都好喝，在家享受微醺', '10', 1, 1, '2022-09-22 15:31:55', 1),
(28, '橙酒檸檬蕃茄冰砂', 'beverage012.webp', '夏天就是要吃點冰，飯後來點天然水果冰砂，清涼爽口又解膩。\r\n\r\n今天的小番茄冰砂加了檸檬與橙酒，小蕃茄微甜又清新的滋味，吃光了還想再吃⋯⋯', '10', 3, 1, '2022-09-22 16:25:16', 1),
(29, '蘋果梅汁氣泡飲', 'beverage013.webp', '用醃漬七年的梅汁加入蘋果汁，一起拌勻飲用，啜飲一口，細細品味那用了七年時間所醃漬的梅果，會令人悸動!!微酸清甜的後韻還有停留在舌尖上的淡淡梅香及蘋果汁的香氣~', '10', 1, 1, '2022-09-22 16:37:01', 1),
(30, '香橙果粒多多', 'beverage014.webp', '香橙果粒多多，香橙原汁與養樂多結合，香甜可口、冰涼又清爽，在家自己動手做…簡單又快速，因不含茶葉成分，很適合小孩飲用唷！', '10', 1, 1, '2022-09-22 17:10:56', 1);

-- --------------------------------------------------------

--
-- 資料表結構 `recipe_category`
--

CREATE TABLE `recipe_category` (
  `id` int(3) UNSIGNED NOT NULL,
  `name` varchar(30) NOT NULL
) ENGINE=InnoDB DEFAULT CHARSET=utf8mb4;

--
-- 傾印資料表的資料 `recipe_category`
--

INSERT INTO `recipe_category` (`id`, `name`) VALUES
(1, '飲品'),
(2, '烘焙'),
(3, '輕食');

-- --------------------------------------------------------

--
-- 資料表結構 `recipe_comment`
--

CREATE TABLE `recipe_comment` (
  `id` int(6) UNSIGNED NOT NULL,
  `user_id` int(6) NOT NULL,
  `recipe_id` int(6) NOT NULL,
  `comment` text NOT NULL,
  `grade` int(2) NOT NULL,
  `create_date` date DEFAULT NULL,
  `valid` tinyint(4) NOT NULL
) ENGINE=InnoDB DEFAULT CHARSET=utf8mb4;

--
-- 傾印資料表的資料 `recipe_comment`
--

INSERT INTO `recipe_comment` (`id`, `user_id`, `recipe_id`, `comment`, `grade`, `create_date`, `valid`) VALUES
(1, 1, 1, '看起來超好吃!感謝教學!', 5, '2020-11-11', 1),
(2, 2, 1, '感謝教學!明天來試試看!', 4, '2007-11-14', 1),
(3, 3, 2, '好想吃!!!!', 4, '2015-12-15', 1),
(4, 2, 2, '看起來還好', 3, '2015-12-18', 1),
(5, 3, 1, '不要亂做', 3, '2021-01-23', 1),
(6, 4, 1, '你們這些霜民不喜歡就要看阿', 4, '2021-09-15', 1),
(7, 5, 1, '還好欸', 1, '2022-04-13', 1),
(10, 1, 3, '太複雜了\n', 2, '2022-09-24', 1),
(11, 1, 4, '做法看不懂', 1, '2022-09-24', 1),
(12, 1, 5, '很好喝的感覺', 4, '2022-09-24', 1),
(13, 1, 14, '喜歡這道!', 5, '2022-09-24', 1),
(14, 1, 27, '很適合派對!', 4, '2022-09-26', 1),
(15, 1, 13, '當早餐很好\n', 5, '2022-09-26', 1),
(16, 2, 30, '看起來很可口!', 5, '2022-09-13', 1),
(17, 3, 30, '喝起來太甜了', 1, '2022-09-09', 1),
(18, 4, 30, '普普通通', 3, '2022-09-02', 1),
(21, 1, 29, '感覺很好吃', 5, '2022-09-26', 1),
(22, 1, 28, '我喜歡喝這個', 5, '2022-09-26', 1),
(23, 1, 11, '還好', 3, '2022-09-26', 1),
(24, 1, 10, '還好', 2, '2022-09-26', 1),
(41, 1, 8, '不好吃', 1, '2022-09-26', 1),
(42, 9, 30, '喝個這個也當不上學霸，是個非常普通的食譜～～～', 3, '2022-09-27', 1),
(43, 9, 29, 'WOOOOOOW做這個來喝真的會蘋蘋安安，而且我就是學霸安安～～～', 4, '2022-09-27', 1),
(44, 9, 15, '做起來很簡單，吃起來腫魔那麼好吃R\n推推～～～～～～～～～\n磅蛋糕 好bangbang', 4, '2022-09-27', 1),
(45, 9, 22, '看起來很簡單，做起來很難，但是吃起來很美味，你們家販售的燕麥奶讚讚', 4, '2022-09-27', 1);

-- --------------------------------------------------------

--
-- 資料表結構 `recipe_ings`
--

CREATE TABLE `recipe_ings` (
  `id` int(6) UNSIGNED NOT NULL,
  `recipe_id` int(6) NOT NULL,
  `ingredient` varchar(30) NOT NULL,
  `unit` varchar(30) NOT NULL,
  `product_id` int(11) DEFAULT NULL
) ENGINE=InnoDB DEFAULT CHARSET=utf8mb4;

--
-- 傾印資料表的資料 `recipe_ings`
--

INSERT INTO `recipe_ings` (`id`, `recipe_id`, `ingredient`, `unit`, `product_id`) VALUES
(1, 1, '芒果', '100克', NULL),
(2, 1, '水', '300克', NULL),
(3, 1, '松子', '10克', NULL),
(4, 1, '燕麥奶', '50克', 13),
(5, 1, '腰果', '10克', 175),
(6, 2, '無糖豆漿', '200cc', NULL),
(7, 2, '無調味綜合堅果', '6-8顆', 166),
(8, 2, '(超)嫩豆腐', '0.5盒(150g)', NULL),
(9, 3, '冷凍藍莓', '1/3杯', NULL),
(10, 3, '綜合堅果', '適量', 168),
(11, 3, '水', '加滿', NULL),
(12, 3, '奇亞子', '適量', NULL),
(13, 4, '酪梨(淨重)', '半顆/170g', NULL),
(14, 4, '冷水/碎冰', '70g', NULL),
(15, 4, '蜂蜜', '10g', NULL),
(16, 4, '鮮乳', '70g', NULL),
(17, 4, '堅果奶', '20g', 46),
(18, 4, '冰塊', '適量', NULL),
(19, 5, '紅茶包', '2包', NULL),
(20, 5, '蜂蜜', '1小匙', NULL),
(21, 5, '水', '450cc', NULL),
(22, 5, '果醋(野櫻梅果醋)', '1包(33ml)', 112),
(23, 6, '黑木耳養生露(原味無糖)', '300ml', NULL),
(24, 6, '奧利多水', '100ml', NULL),
(25, 6, '梅子醋', '50ml', 109),
(26, 7, '高筋麵粉', '250g', NULL),
(27, 7, '燕麥奶', '260g', 8),
(28, 7, '優格', '50g', NULL),
(29, 7, '全麥麵粉', '250g', NULL),
(30, 7, '酵母', '5g', NULL),
(31, 7, '蛋', '1顆', NULL),
(32, 7, '鹽麴', '30g', NULL),
(33, 7, '咖啡粉', '10g', NULL),
(34, 7, '日本玄米油', '10g', NULL),
(35, 7, '蜂蜜', '10g', NULL),
(36, 7, '奶粉', '12g', NULL),
(37, 8, '燕麥片', '100克', 139),
(38, 8, '葡萄乾', '20克', NULL),
(39, 8, '鹽巴', '少許', NULL),
(40, 8, '黑糖', '2大匙', NULL),
(41, 8, '核桃', '20克', 163),
(42, 8, '植物油', '2大匙', NULL),
(43, 8, '豆漿', '4大匙', NULL),
(44, 9, '南瓜', '270克', NULL),
(45, 9, '燕麥奶', '60克', 14),
(46, 9, '燕麥粉', '65克', NULL),
(47, 9, '堅果', '16克', 169),
(48, 9, '蛋', '1顆', NULL),
(49, 9, '鹽巴', '少許', NULL),
(50, 9, '85%巧克力', '45克', NULL),
(51, 10, '無鹽奶油', '80～100克', NULL),
(52, 10, '常溫蛋', '2顆', NULL),
(53, 10, '熟香蕉', '1根', NULL),
(54, 10, '泡打粉', '2克', NULL),
(55, 10, '鹽', '3克', NULL),
(56, 10, '細砂糖', '50克', NULL),
(57, 10, '低筋麵粉', '100克', NULL),
(58, 10, '燕麥片（or燕麥粉）', '50克', 129),
(59, 10, '小蘇打粉', '1克', NULL),
(60, 11, '無糖優格', '適量', NULL),
(61, 11, '可可粉', '適量', NULL),
(62, 11, '黑咖啡', '適量', NULL),
(63, 11, '燕麥', '適量', 140),
(64, 11, '香蕉', '適量', NULL),
(65, 12, '高筋麵粉', '500g', NULL),
(66, 12, '酵母', '5g', NULL),
(67, 12, '燕麥奶', '170g', 9),
(68, 12, '鹽麴', '30g', NULL),
(69, 12, '蜂蜜', '15g', NULL),
(70, 12, '橄欖油', '15g', NULL),
(71, 13, '高筋麵粉', '600g', NULL),
(72, 13, '南瓜籽', '50g', 170),
(73, 13, '糖', '20g', NULL),
(74, 13, '快速酵母粉', '7g', NULL),
(75, 13, '水', '450g', NULL),
(76, 13, '鹽', '15g', NULL),
(77, 13, '杏仁果', '80g', 162),
(78, 13, '葵花油', '30g', NULL),
(79, 13, '枸杞', '50g', NULL),
(80, 14, '夏威夷豆', '150g', 171),
(81, 14, '南瓜子', '10g', 170),
(82, 14, '市售塔皮', '16個', NULL),
(83, 14, '熟核桃', '50g', 172),
(84, 14, '蔓越莓果乾', '50g', NULL),
(85, 14, '蜂蜜', '80g', NULL),
(86, 14, '動物性鮮奶油', '40g', NULL),
(87, 14, '糖粉', '50g', NULL),
(88, 14, ' 無鹽奶油', '40g', NULL),
(89, 15, '無鹽奶油', '100克', NULL),
(90, 15, '上白糖', '100克', NULL),
(91, 15, '低筋麵粉', '100克', NULL),
(92, 15, '甜橙汁', '15CC', NULL),
(93, 15, '甜橙皮', '少許', NULL),
(94, 15, '常溫雞蛋', '2顆', NULL),
(95, 15, ' 堅果', '1小碟', 159),
(96, 16, '燕麥奶', '適量​', 19),
(97, 16, '地瓜', '100克', NULL),
(98, 16, '全素火腿', '50克', NULL),
(99, 16, '水', '適量​', NULL),
(100, 16, '鹽', '適量', NULL),
(101, 16, ' 南瓜', '250克​', NULL),
(102, 16, '紅蘿蔔', '50克', NULL),
(103, 16, '西芹', '30克', NULL),
(104, 16, '砂糖', '適量​', NULL),
(105, 16, '孜然粉', '少許​', NULL),
(106, 17, '牛奶', '500c.c', NULL),
(107, 17, '香蕉', '1條', NULL),
(108, 17, '奇異果', '1顆', NULL),
(109, 17, '希臘式優格', '每碗2湯匙', NULL),
(110, 17, '燕麥', '5大匙', 129),
(111, 17, '酪梨', '1顆', NULL),
(112, 17, '蔓越莓堅果', '適量', 159),
(113, 18, '西生菜', '130克', NULL),
(114, 18, '綠捲生菜', '20克', NULL),
(115, 18, '小番茄', '50克', NULL),
(116, 18, '無調味綜合堅果', '20克', 166),
(117, 18, '水煮蛋', '1顆', NULL),
(118, 18, '凱薩醬', '30克', NULL),
(119, 19, '芝麻葉', '適量', NULL),
(120, 19, '綜合生菜', '適量', NULL),
(121, 19, '草蝦', '7隻', NULL),
(122, 19, '萵苣', '適量', NULL),
(123, 19, '熟腰果', '適量', 165),
(124, 19, '紅酒醋', '適量', NULL),
(125, 20, '大豆鮮奶油', '100ml', NULL),
(126, 20, '赤藻醣醇粉末', '2大匙', NULL),
(127, 20, '關華豆膠', '1/4茶匙', NULL),
(128, 20, '任何堅果醬', '一大匙', 167),
(129, 20, '鹽', '1小撮', NULL),
(130, 21, '白飯', '1碗', NULL),
(131, 21, '牛蕃茄', '1顆', NULL),
(132, 21, '無調味堅果', '5顆', 169),
(133, 21, '小黃瓜', '1根', NULL),
(134, 21, '水煮蛋', '1顆', NULL),
(135, 21, '酪梨', '半顆', NULL),
(136, 22, '燕麥奶', '200cc', 7),
(137, 22, '鮮香菇 ​', '1朵', NULL),
(138, 22, '義大利筆管麵', '80克​', NULL),
(139, 22, '地瓜粉、水', '少許', NULL),
(140, 22, '橄欖油、油', '適量', NULL),
(141, 22, '紅黃甜椒、青椒、西洋芹', '各20克', NULL),
(142, 22, '蘑菇', '2朵​', NULL),
(143, 22, '豆腐乳', '1塊​', NULL),
(144, 22, '砂糖、鹽、黑胡椒粒', '適量', NULL),
(145, 23, '羅勒', '適量', NULL),
(146, 23, '細砂糖', '1匙', NULL),
(147, 23, '檸檬氣泡飲/蘇打水', '適量', 92),
(148, 23, '柑橘', '1顆', NULL),
(149, 23, '辣椒', '適量', NULL),
(150, 23, '檸檬汁', '1顆', 79),
(151, 23, '冰塊', '適量', NULL),
(152, 23, '櫻桃', '適量', NULL),
(153, 24, '奇異果', '1顆', NULL),
(154, 24, '碗豆奶', '一人份', 47),
(155, 24, '小型香蕉', '一根', NULL),
(156, 24, '燕麥', '20g', 129),
(157, 25, '珍珠芭樂', '1顆', NULL),
(158, 25, '薄荷葉', '10片', NULL),
(159, 25, '冰開水', '200ml', NULL),
(160, 25, '檸檬汁', '100ml', 79),
(161, 25, '柚子薄荷酒', '20ml', NULL),
(162, 26, '芒果', '半顆', NULL),
(163, 26, '檸檬汁', '100ml', 79),
(164, 26, '冰塊', '半杯', NULL),
(165, 26, '薄荷葉', '15片', NULL),
(166, 26, '砂糖', '1大匙', NULL),
(167, 27, '草莓', '2-3顆', NULL),
(168, 27, '萊姆酒', '50ml', NULL),
(169, 27, '冰塊', '適量', NULL),
(170, 27, '氣泡飲', '200ml', 92),
(171, 27, '養樂多', '1罐', NULL),
(172, 28, '小番茄', '12顆', NULL),
(173, 28, '橙酒', '10毫升', NULL),
(174, 28, '細砂糖', '1小匙', NULL),
(175, 28, '含糖檸檬果汁', '100毫升', 79),
(176, 28, '薄荷葉', '6片', NULL),
(177, 29, '蘋果', '100克', 63),
(178, 29, '氣泡水', '150克', 98),
(179, 29, '七年漬梅', '1顆', NULL),
(180, 29, '梅子汁', '20克', NULL),
(181, 29, '冰塊', '150克', NULL),
(182, 29, '果糖', '1顆', NULL),
(183, 30, '柑橘汁', '180ml', 93),
(184, 30, '檸檬汁', '一小匙', 79),
(185, 30, '養樂多', '100ml', NULL),
(186, 30, '冰塊', '適量', NULL);

-- --------------------------------------------------------

--
-- 資料表結構 `recipe_steps`
--

CREATE TABLE `recipe_steps` (
  `id` int(6) UNSIGNED NOT NULL,
  `recipe_id` int(6) NOT NULL,
  `step_number` int(2) NOT NULL,
  `step_img` varchar(50) NOT NULL,
  `step_content` text NOT NULL
) ENGINE=InnoDB DEFAULT CHARSET=utf8mb4;

--
-- 傾印資料表的資料 `recipe_steps`
--

INSERT INTO `recipe_steps` (`id`, `recipe_id`, `step_number`, `step_img`, `step_content`) VALUES
(1, 1, 1, 'recipe-1-1.webp', '芒果切塊冷凍取出備用'),
(2, 1, 2, 'recipe-1-2.webp', '芒果及水和牛奶跟堅果放入小美按速度8，10秒即可'),
(3, 1, 3, 'recipe-1-3.webp', '取出後倒入杯中搭配餅乾，好好喝😋'),
(4, 2, 1, 'recipe-2-1.webp', '準備所有食材。'),
(5, 2, 2, 'recipe-2-2.webp', '取一大碗，倒入無糖豆漿，放入豆腐；電鍋墊腳架，加入3/4米杯的水，按下電源，待其跳起即可開蓋取出。'),
(6, 2, 3, 'recipe-2-3.webp', '再加上無調味綜合堅果，即可享用(一口豆腐一口豆漿，或將豆腐小塊拌開一起食用'),
(7, 3, 1, 'recipe-3-1.webp', '放所有食材(可利用成裝的杯子量份量)'),
(8, 3, 2, 'recipe-3-2.webp', '小助教來監工'),
(9, 3, 3, 'recipe-3-3.webp', '加水加滿\r\n(打好的話也會剛好一杯份量)'),
(10, 3, 4, 'recipe-3-4.webp', '完成\r\n(是奇亞子!因為此飲品有口感，不愛奇亞子的也可以咕嚕咕嚕輕易喝下)'),
(11, 3, 5, 'recipe-3-5.webp', '真材實料\r\n健康早餐非常適合來一杯!!'),
(12, 4, 1, 'recipe-4-1.webp', '把成熟的酪梨，沿著種籽劃一圈'),
(13, 4, 2, 'recipe-4-2.webp', '雙手反方向旋轉扭開，用刀子砍向種籽，即可輕鬆移除'),
(14, 4, 3, 'recipe-4-3.webp', '用湯匙挖取果肉'),
(15, 4, 4, 'recipe-4-4.webp', '將果肉、鮮乳、煉乳、冷水(或碎冰)、蜂蜜打至細膩'),
(16, 4, 5, 'recipe-4-5.webp', '飲用前用冰塊稀釋，再以煉乳點綴'),
(17, 5, 1, 'recipe-5-1.webp', '●紅茶包依喜好，這是朋友買一桶Costco骨灰罈紅茶的分享。\r\n●野櫻梅果醋是最近的新歡，上網可以買的到，好物原想跟朋友分享結果喝太快，剩最後一包。'),
(18, 5, 2, 'recipe-5-2.webp', '●紅茶包直接放在玻璃杯(壺/瓶)裡，加開水，蓋起來放冰箱冷藏一晚就有冰紅茶。'),
(19, 5, 3, 'recipe-5-3.webp', '●蜂蜜觀霧旅行買的，很純粹，用量依喜好調整。\r\n●果醋隨身包很方便，很適合外出使用一次一包。'),
(20, 5, 4, 'recipe-5-4.webp', '蜂蜜先加1/2小匙喝看看，不夠甜再加，自製飲料開心喝不傷身。'),
(21, 6, 1, 'recipe-6-1.webp', '準備黑木耳養生露、梅子醋與奧利多水等料理食材。'),
(22, 6, 2, 'recipe-6-2.webp', '將梅子醋直接倒入玻璃杯中。'),
(23, 6, 3, 'recipe-6-3.webp', '將奧利多水按照比例，倒入至玻璃杯中，並稍微攪拌。'),
(24, 6, 4, 'recipe-6-4.webp', '最後將黑木耳養生露以45度傾角模式倒入，即可形成漸層分明的視覺效果。'),
(25, 6, 5, 'recipe-6-5.webp', '飲用前攪拌一下，咕溜又酸甜的滋味，生津兼止渴。'),
(26, 7, 1, 'recipe-7-1.webp', '把中種麵糰所需的材料放入攪拌盆，打致光滑，靜置30分鐘，然後放入冰箱8小時的冷藏發酵'),
(27, 7, 2, 'recipe-7-2.webp', '取出麵糰，靜置15分鐘，除油.以外，把主麵糰的食材全部放入攪拌盆，打至出筋性，然後再加入油，繼續打智有彈性的薄膜，滾圓，做第一次60分鐘的發酵'),
(28, 7, 3, 'recipe-7-3.webp', '第一次發酵完後，把麵糰分割成兩等份，排氣滾圓，休息15分鐘，然後進行第一次的桿捲，再休息5分鐘，然後做第二次桿捲'),
(29, 7, 4, 'recipe-7-4.webp', '第二次桿捲後，放入烤模，做第二次60分鐘的發酵，約8分滿的時候，蓋上蓋子，烤箱預熱200度10分鐘，然後烤大約35至40分鐘'),
(30, 7, 5, 'recipe-7-5.webp', '出爐的時候敲一下，放涼，再切片'),
(31, 8, 1, 'recipe-8-1.webp', '將燕麥片、葡萄乾、核桃 混拌均勻'),
(32, 8, 2, 'recipe-8-2.webp', '然後加入鹽巴、黑糖、豆漿、植物油全部攪拌均勻'),
(33, 8, 3, 'recipe-8-3.webp', '捏成小圓狀放入預熱好的烤箱，180度烤12~15分鐘即可'),
(34, 9, 1, 'recipe-9-1.webp', '先把巧克力跟燕麥奶微波900w 30秒融化(隔水加熱也可以)'),
(35, 9, 2, 'recipe-9-2.webp', '將熟南瓜跟蛋 鹽巴拌勻'),
(36, 9, 3, 'recipe-9-3.webp', '加入巧克力燕麥奶拌勻'),
(37, 9, 4, 'recipe-9-4.webp', '最後加入燕麥粉拌勻'),
(38, 9, 5, 'recipe-9-5.webp', '倒入鋪有烘焙紙的模型 表面整型一下 撒上堅果碎'),
(39, 9, 6, 'recipe-9-6.webp', '放入微波爐 700w 3分半(牙籤戳進不太沾黏即可）'),
(40, 10, 1, 'recipe-10-1.webp', '準備材料！\r\n提前將無鹽奶油切小塊放室溫軟化，蛋也必須回復室溫。'),
(41, 10, 2, 'recipe-10-2.webp', '用叉子將香蕉壓成泥狀備用。\r\n如果喜歡吃起來有香蕉顆粒感，那就不用壓太碎～'),
(42, 10, 3, 'recipe-10-3.webp', '將燕麥片磨成粉狀，若使用燕麥粉則省略此步驟。'),
(43, 10, 4, 'recipe-10-4.webp', '將低筋麵粉、泡打粉與小蘇打粉過篩，接著加入鹽與磨好的燕麥粉末，混合均勻備用。'),
(44, 10, 5, 'recipe-10-5.webp', '用手持攪拌器以低速攪拌至奶油成糊狀。'),
(45, 10, 6, 'recipe-10-6.webp', '將細砂糖分三次加入，以中高速攪拌至奶油發白。\r\n⚠糖與奶油充分融合後再進行下一個步驟。'),
(46, 10, 7, 'recipe-10-7.webp', '分三～五次加入蛋液，以中高速攪打至完全乳化。\r\n⚠加入蛋液後很容易油水分離（乳化不完全），因此蛋液一次不要倒太多，待奶油充分吸收再加入，建議邊倒蛋液邊打發，且速度一定要快！'),
(47, 10, 8, 'recipe-10-8.webp', '加入香蕉泥，簡單攪拌均勻即可。接著去預熱烤箱，上下火160℃。'),
(48, 10, 9, 'recipe-10-9.webp', '加入步驟4的粉類食材，用刮刀以切拌法攪拌至無粉末狀態。\r\n⚠忌過度攪拌以免出筋影響口感。'),
(49, 10, 10, 'recipe-10-10.webp', '麵糊倒入模具內，送入烤箱，以160℃烘烤45分鐘。\r\n烤完不要馬上出爐，讓它在烤箱裡悶個十分鐘。'),
(50, 10, 11, 'recipe-10-11.webp', '出爐！放涼後再切片，每片厚度約1.5-2.5公分。'),
(51, 11, 1, 'recipe-11-1.webp', '保鮮盒底鋪一層燕麥片'),
(52, 11, 2, 'recipe-11-2.webp', '加適量的黑咖啡\r\n（放涼的黑咖啡）\r\n浸濕燕麥\r\n'),
(53, 11, 3, 'recipe-11-3.webp', '鋪一層無糖優格'),
(54, 11, 4, 'recipe-11-4.webp', '鋪上切片的香蕉'),
(55, 11, 5, 'recipe-11-5.webp', '再上一層無糖優格'),
(56, 11, 6, 'recipe-11-6.webp', '用篩網均勻撒上一層可可粉'),
(57, 11, 7, 'recipe-11-7.webp', '再上一層無糖優格'),
(58, 11, 8, 'recipe-11-8.webp', '再鋪一層切片香蕉'),
(59, 11, 9, 'recipe-11-9.webp', '再鋪一層優格'),
(60, 11, 10, 'recipe-11-10.webp', '用篩網均勻撒上可可粉'),
(61, 11, 11, 'recipe-11-11.webp', '完成後放入冰箱冰2小時以上\r\n或隔夜就可以吃了'),
(62, 11, 12, 'recipe-11-12.webp', '香蕉可以不加\r\n可以加一點堅果（腰果/杏仁）\r\n或一點點巧克力醬'),
(63, 12, 1, 'recipe-12-1.webp', '把中種麵糰所需的材料全部放入攪拌缸，圓滑後，室溫發酵30分鐘，然後進冷藏發酵8小時\r\n* 每個品牌的麵粉吸水量不同，所以要自己斟酌唷！'),
(64, 12, 2, 'recipe-12-2.webp', '8小時後，從冷藏室取出麵糰，室溫靜置15分鐘，然後切成小塊備用，把主麵糰的材料，除了橄欖油外，其餘材料放入攪拌盆，然後加入中種麵糰，開始攪打，直到出筋，在放入橄欖油，再繼續攪打出現彈性薄膜，然後進行第一次60分鐘發酵'),
(65, 12, 3, 'recipe-12-3.webp', '發酵完後，取出麵糰，分割2等份，滾圓、輕輕排氣，靜置15分鐘，桿成長方形，捲起來，放上發酵布上，進行第二次50分鐘的發酵'),
(66, 12, 4, 'recipe-12-4.webp', '完成發酵後，預熱烤箱10分鐘約200度，噴水，灑上麵粉，割線，進烤箱，烤20分鐘\r\n* 每台烤箱溫度不同，所以要留意'),
(67, 12, 5, 'recipe-12-5.webp', '出爐囉！\r\n好喜歡這樣的顏色'),
(68, 13, 1, 'recipe-13-1.webp', '將所有食材放進攪拌缸，以中速攪拌15分鐘'),
(69, 13, 2, 'recipe-13-2.webp', '烤盤墊張烘焙紙，將攪拌缸的麵糰倒出'),
(70, 13, 3, 'recipe-13-3.webp', '將麵糰整圓並均勻撒上乾粉'),
(71, 13, 4, 'recipe-13-4.webp', '烤箱放進ㄧ碗熱開水，麵糰蓋上乾淨毛巾，移入烤箱發酵40分鐘'),
(72, 13, 5, 'recipe-13-5.webp', '碗水不動，只取出發酵好的麵糰；\r\n烤箱以200°C預熱；\r\n在麵糰上以刀片劃幾刀喜愛的花樣，預熱後烤40分鐘即可'),
(73, 13, 6, 'recipe-13-6.webp', '時間到，取出移架上放涼'),
(74, 13, 7, 'recipe-13-7.webp', '切片，滿滿的堅果'),
(75, 14, 1, 'recipe-14-1.webp', '量秤好所有材料。市售塔皮，從冰箱取出回溫10分鐘。'),
(76, 14, 2, 'recipe-14-2.webp', '【塔皮烘烤】烤箱設定180度，先預熱10分鐘。再將塔皮放進烘烤15分鐘。中途須轉向調頭一次，使烤色均勻。烘烤時間一到，即取出塔皮。'),
(77, 14, 3, 'recipe-14-3.webp', '【牛奶糖液製作】取一鍋，放進牛奶糖液所有材料，先(小火)將材料煮融化，再(中火)煮滾。(期間須隨時攪拌，以免焦底)'),
(78, 14, 4, 'recipe-14-4.webp', '牛奶糖液呈黏稠狀時，即快速拌進[夏威夷豆、熟核桃]，盡可能讓每顆堅果都沾到牛奶糖液，即可關火。'),
(79, 14, 5, 'recipe-14-5.webp', '【填裝組合】用湯匙一匙匙將沾了牛奶糖液的堅果，填入塔皮裡。再將蔓越莓、南瓜子稍按壓沾黏裝飾即可。(此時動作須快速)'),
(80, 14, 6, 'recipe-14-6.webp', '【烘烤上色】烤箱設定180度，預熱10分鐘後。放進堅果塔，先烘烤12分鐘。再掉頭轉向，烘烤3-5分鐘至堅果塔上色。'),
(81, 14, 7, 'recipe-14-7.webp', '烘烤時間一到，原本乳白色的夏威夷果，很明顯地呈現金黃烤色，即可取出放涼。充滿牛奶糖香氣的夏威夷豆堅果塔~完成♪'),
(82, 15, 1, 'recipe-15-1.webp', '將食材用電子秤量好備用，堅果可用袋子裝起來敲成小塊狀'),
(83, 15, 2, 'recipe-15-2.webp', '1.無鹽奶油放置常溫，用手指腹按壓，有軟軟的即可，加入上白糖\r\n2.將奶油及糖打至澎鬆羽毛狀\r\n3.雞蛋1顆加入打均勻，在依續放入剩下的3顆，一樣1顆打勻再放下1顆\r\n4.打好4顆蛋的樣子'),
(84, 15, 3, 'recipe-15-3.webp', '在過篩麵粉前，讓氣炸鍋預熱180度10分鐘'),
(85, 15, 4, 'recipe-15-4.webp', '1.麵粉分2次過篩\r\n2.輕輕的拌勻\r\n3.分出一半\r\n4.倒入甜橙汁\r\n5.放入堅果拌勻'),
(86, 15, 5, 'recipe-15-5.webp', '烤盤內壁先用奶油稍微抹一下，方便氣炸後脫模'),
(87, 15, 6, 'recipe-15-6.webp', '將裝在烤盤的麵糊放入氣炸鍋，溫度170度20分鐘\r\nP.S.上述時間已調整過，原170度15分鐘，但劃開上層有點薄'),
(88, 15, 7, 'recipe-15-7.webp', '利用刀子🔪從中間劃開，這樣氣炸出來的外型比較好看些，此時溫度用160度35～40分鐘\r\nP.S.上述時間有調整過，原用20分鐘，所以後來再多加15分鐘'),
(89, 15, 8, 'recipe-15-8.webp', '利用筷子插入取出，如有麵糊表示還沒熟，可以依麵糊狀況斟酌氣炸時間，如表面已太焦可鋪上鋁箔紙'),
(90, 15, 9, 'recipe-15-9.webp', '取出放涼再切片，擺盤再灑上橙皮\r\n(磅蛋糕要讓它放置隔夜回油，香氣會更不一樣)'),
(91, 16, 1, 'recipe-16-1.webp', '【刀工/前處理】​\r\n(1) 南瓜、地瓜去皮切片。​\r\n(2) 紅蘿蔔去皮後切薄片。​\r\n(3) 素火腿、西芹切薄片。​'),
(92, 16, 2, 'recipe-16-2.webp', '將南瓜、地瓜、紅蘿蔔放入壓力鍋（或電鍋）蒸20分鐘以上'),
(93, 16, 3, 'recipe-16-3.webp', '取出後把南瓜、地瓜以叉子壓成泥，再跟清水一起拌勻'),
(94, 16, 4, 'recipe-16-4.webp', '起油鍋炒香洋蔥，再加入步驟3煮滾後加入燕麥奶煮一下即可。'),
(95, 16, 5, 'recipe-16-5.webp', '繼續小火加熱，加入適量的燕麥奶(依個人喜好調整濃稠度)，糖、鹽、少許孜然粉調味，煮滾即可。'),
(96, 17, 1, 'recipe-17-1.webp', '小火將牛奶跟燕麥滾至稠狀\r\n再擺上切好的酪梨水果即可\r\n想吃甜一點的再加蜂蜜也行'),
(97, 18, 1, 'recipe-18-1.webp', '生菜洗淨撕碎備用\r\n生菜處理：\r\n1.吃多少洗多少\r\n2.漂洗兩次，第三次用食用水泡5分鐘\r\n3.洗淨生菜盡量瀝乾或擦乾\r\n4.撕成方便入口大小即可'),
(98, 18, 2, 'recipe-18-2.webp', '小番茄切丁，灑上堅果'),
(99, 18, 3, 'recipe-18-3.webp', '加上水煮蛋切片\r\n水煮蛋煮法(電磁爐)：\r\n1.雞蛋洗淨，取一鍋冷水下蛋，加一小匙鹽，水蓋過雞蛋\r\n2.大火煮至水大滾，調至小火續煮2分鐘\r\n3.蓋上鍋蓋切掉電源，至爐上燜3分鐘\r\n4.取出雞蛋過兩次冷水，泡涼即可薄殼備用'),
(100, 18, 4, 'recipe-18-4.webp', '醬料建議食用前再淋上，口感比較好'),
(101, 19, 1, 'recipe-19-1.webp', '草蝦去殼，把蝦頭留起來備用。\r\n並且在草蝦背後畫上一刀。\r\n把草蝦的沙腸拉起來去除。\r\n圖中所看見的那條黑色腸子就是沙腸，雖然是小動作但這樣做之後，蝦子吃起來口感會更好喔。'),
(102, 19, 2, 'recipe-19-2.webp', '熱鍋後，倒入橄欖油，放進蝦頭，炒至聞見香味後即可將蝦頭起鍋。\r\n'),
(103, 19, 3, 'recipe-19-3.webp', '接著把蝦子放進鍋中，拌炒至8分熟，加入熟腰果碎(將市售原味腰果使用菜刀切碎即可)，再拌炒約1分鐘即可將蝦子起鍋。'),
(104, 19, 4, 'recipe-19-4.webp', '把鍋中剩下的橄欖油及堅果倒入碗中，擠進半顆檸檬汁，再加些橄欖油、鹽巴、紅酒醋及義大利香料，好好攪拌之後就是清爽又有蝦子風味的溫沙拉醬了。\r\n在盤中先放入生菜們，撒上整顆熟腰果，再把煎熟的蝦子放上，淋上溫沙拉醬之後就完成了。'),
(105, 20, 1, 'recipe-20-1.webp', '赤藻醣醇粉末、關華豆膠和少許鹽拌勻備用。'),
(106, 20, 2, 'recipe-20-2.webp', '大豆鮮奶油或鮮奶油倒入梅森杯中，再倒入步驟1拌勻的粉末。\r\n\r\n'),
(107, 20, 3, 'recipe-20-3.webp', '用攪打器高速攪打，大概一分鐘就可以打發。'),
(108, 20, 4, 'recipe-20-4.webp', '任何堅果醬都可以，倒入大豆鮮奶油杯中，用攪拌棒攪打均勻。'),
(109, 20, 5, 'recipe-20-5.webp', '可以直接將梅森杯放入冷凍室中，蓋子蓋上但不要鎖緊。一杯到底直接食用，方便好清理，放冰箱冷凍室3-4小時即可食用。'),
(110, 21, 1, 'recipe-21-1.webp', '水煮蛋、小黃瓜和蕃茄：切成方便入口的大小。\r\n大蒜：切碎。\r\n九層塔：去梗略切碎。\r\n酪梨：去皮去籽略切碎。'),
(111, 21, 2, 'recipe-21-2.webp', '來做「酪梨青醬」：所有分組裡的材料用食物調理機（調理棒、果汁幾亦可）打碎即可。'),
(112, 21, 3, 'recipe-21-3.webp', '像這樣，試吃一下，如果覺得不夠酸或不夠鹹再用鹽和檸檬汁調整即可。'),
(113, 21, 4, 'recipe-21-4.webp', '將放涼的白飯撥鬆，淋上「酪梨青醬」攪拌均勻。\r\n盛盤後放上小黃瓜、蕃茄、水煮蛋和堅果等配料點綴即可。'),
(114, 22, 1, 'recipe-22-1.webp', '取一鍋水煮沸，放入義大利麵煮大約5分鐘，撈起將水份瀝乾，淋上少許橄欖油，放涼備用。'),
(115, 22, 2, 'recipe-22-2.webp', '取一平底鍋，放入油將菇類炒香，依序加入西洋芹、紅黃青椒、豆腐乳略炒。'),
(116, 22, 3, 'recipe-22-3.webp', '倒入燕麥奶、筆管麵，加入適量糖、鹽、地瓜粉水，勾芡增加濃稠度。'),
(117, 22, 4, 'recipe-22-4.webp', '煮滾後加入黑胡椒粒提味，拌勻後即可享用!'),
(118, 23, 1, 'recipe-23-1.webp', '在研磨缽裡加入適量新鮮羅勒與切丁新鮮辣椒及一茶匙的細砂糖，研磨成泥狀'),
(119, 23, 2, 'recipe-23-2.webp', '將研磨完成的泥加入杯子裡'),
(120, 23, 3, 'recipe-23-3.webp', '擠一顆檸檬汁，加入杯子裡'),
(121, 23, 4, 'recipe-23-4.webp', '倒入檸檬氣泡飲/蘇打水，加一些冰塊'),
(122, 23, 5, 'recipe-23-5.webp', '加一片柑橘增添風味，顏色看起來也漂亮。'),
(123, 23, 6, 'recipe-23-6.webp', '最後擺上櫻桃與羅勒葉當裝飾'),
(124, 24, 1, 'recipe-24-1.webp', '水果切片\r\n燕麥、豌豆奶備用'),
(125, 24, 2, 'recipe-24-2.webp', '先將燕麥舖底，奇異果及香蕉切成薄片貼至杯子裡'),
(126, 24, 3, 'recipe-24-3.webp', '將剩餘的水果及一份高蛋白飲品一同放入調理機中攪打'),
(127, 24, 4, 'recipe-24-4.webp', '倒入杯中即可享用'),
(128, 25, 1, 'recipe-25-1.webp', '薄荷葉適量洗淨備用。\r\n芭樂洗淨切塊備用。\r\n檸檬（自己榨汁）或買現成榨好的檸檬汁。\r\n我用超商買的檸檬果汁，已有加糖與水。\r\n若自己榨檸檬原汁，糖依照個人口味酌量添加。冰開水的份量酌量增加。\r\n柚子薄荷酒（酒精度只有7.5%）是增加香氣與風味的，也可以加干邑橙酒，干邑橙酒的酒精成分高，添加份量可以減少。'),
(129, 25, 2, 'recipe-25-2.webp', '將芭樂與檸檬果汁，及冰開水放入果汁機攪打均勻。\r\n檸檬果汁原本有些甜，加了芭樂又加了水之後就會甜度適中。'),
(130, 25, 3, 'recipe-25-3.webp', '打好了的芭樂汁有籽，依照個人偏好可以過濾，也可以不過濾掉芭樂籽。\r\n把籽濾掉比較麻煩，但是口感佳。'),
(131, 25, 4, 'recipe-25-4.webp', '加入薄荷葉與柚子薄荷酒拌勻。'),
(132, 25, 5, 'recipe-25-5.webp', '夏日炎炎，大家也來試試這杯「芭樂薄荷檸檬柚子酒香冰涼飲」吧！'),
(133, 26, 1, 'recipe-26-1.webp', '半顆芒果去皮切成大丁，分作2份，1份先放入杯中'),
(134, 26, 2, 'recipe-26-2.webp', '另1份芒果切4塊小正方形，並用竹籤串起當裝飾，剩下的果肉切成小丁備用'),
(135, 26, 3, 'recipe-26-3.webp', '杯中的芒果加入1茶砂糖、半顆檸檬汁，用搗碎棒搗成果泥'),
(136, 26, 4, 'recipe-26-4.webp', '薄荷葉稍微搓揉後放入杯中，再加入芒果丁'),
(137, 26, 5, 'recipe-26-5.webp', '杯中裝入冰塊和氣泡水'),
(138, 26, 6, 'recipe-26-6.webp', '加上檸檬片和芒果籤及薄荷葉裝飾一下就完成了'),
(139, 27, 1, 'recipe-27-1.webp', '將草莓搗碎'),
(140, 27, 2, 'recipe-27-2.webp', '加入冰塊及蘭姆酒'),
(141, 27, 3, 'recipe-27-3.webp', '加入氣泡飲（我這次用乳酸菌氣泡水，也可以用雪碧，不愛甜就用氣泡水）'),
(142, 27, 4, 'recipe-27-4.webp', '加入靈魂養樂多就完成啦！'),
(143, 27, 5, 'recipe-27-5.webp', '記得攪拌均勻，或是通通丟入雪克杯撞一撞更好喝～\r\n其實比例都可以依自己口味調整，市面上也有很多不同口味的汽水跟氣泡水，都可以來試試看喔！'),
(144, 28, 1, 'recipe-28-1.webp', '檸檬汁可以自己榨，自己榨的檸檬汁要在另外加糖，依照個人喜歡的酸甜度加糖及水。\r\n我直接使用市售10%的含糖檸檬果汁（已有糖、檸檬汁與水在內），沒有另外加糖。喜歡吃甜一點的人可以再酌量加糖及水。\r\n吃冰時味覺會較遲鈍，可以把甜度調到比自己覺得適當再稍微甜一些。'),
(145, 28, 2, 'recipe-28-2.webp', '小番茄加入檸檬果汁。水量不必淹過蕃茄即可，主要是蕃茄味，檸檬果汁（水）不要太多。'),
(146, 28, 3, 'recipe-28-3.webp', '打成檸檬蕃茄汁。'),
(147, 28, 4, 'recipe-28-4.webp', '加入橙酒再打勻。\r\n試喝一下，依照個人喜好調整甜度。'),
(148, 28, 5, 'recipe-28-5.webp', '裝在可耐凍的保鮮盒內冷凍一小時。'),
(149, 28, 6, 'recipe-28-6.webp', '用湯匙刮鬆蕃茄冰（凍一小時其實還不會很硬）。'),
(150, 28, 7, 'recipe-28-7.webp', '壓平再放回冷凍庫冷凍一小時。刮鬆稍微壓平再放回冷凍庫冷凍。重複兩三次。\r\n要吃的時候再將冰砂刮起來，裝飾上薄荷葉即可。'),
(151, 28, 8, 'recipe-28-8.webp', '飯後來一份冰涼爽口的「橙酒蕃茄冰砂」就是夏日晚餐的完美ending⋯⋯'),
(152, 29, 1, 'recipe-29-1.webp', '將蘋果汁與梅子汁倒入杯中，再倒入果糖，備用。'),
(153, 29, 2, 'recipe-29-2.webp', '將冰塊加入杯中(滿杯量的冰塊)。再將氣泡水從杯緣慢慢倒入杯中。加上一顆醃漬7年的梅子和薄荷葉即完成生津解渴的蘋果梅汁氣泡飲~'),
(158, 30, 1, 'recipe-30-1.webp', '榨取出香橙原汁約180ml,另留些果肉丁增加口感，柑橘品種可依個人喜好去挑選製作'),
(159, 30, 2, 'recipe-30-2.webp', '香橙原汁、養樂多、冰塊準備好，取個杯子容器底部放入香橙果肉丁，倒入香橙原汁'),
(160, 30, 3, 'recipe-30-3.webp', '放入冰塊，倒入養樂多（怕太甜可選減糖多多或加水稀釋喔~）…再淋上檸檬汁即可'),
(161, 30, 4, 'recipe-30-4.webp', '小孩超愛的香橙果肉多多完成~');

-- --------------------------------------------------------

--
-- 資料表結構 `users`
--

CREATE TABLE `users` (
  `id` int(6) UNSIGNED NOT NULL,
  `name` varchar(30) NOT NULL,
  `password` varchar(100) NOT NULL,
  `gender` varchar(10) DEFAULT NULL,
  `birthday` date NOT NULL,
  `phone` varchar(30) NOT NULL,
  `email` varchar(256) NOT NULL,
  `address` varchar(100) DEFAULT NULL,
  `create_time` datetime NOT NULL,
  `valid` tinyint(4) NOT NULL
) ENGINE=InnoDB DEFAULT CHARSET=utf8mb4;

--
-- 傾印資料表的資料 `users`
--

INSERT INTO `users` (`id`, `name`, `password`, `gender`, `birthday`, `phone`, `email`, `address`, `create_time`, `valid`) VALUES
(1, '邱婉瑜', '$2b$10$1F39fN6eF8G3wHjZe77Sre3ei/EtHXcTjOM3ignJhuFQPqxogHQge', '女', '2000-10-10', '0912121211', '123@test.com', '320桃園市中壢區福州一街245號', '2022-09-11 12:28:35', 1),
(2, '林宛萱', '$2b$10$SWP4bg7e28aEUE7DPsCIuOgwJ4otKdCzX5N8FSj1E3sHmVG7niQR2', '不提供', '1997-01-01', '0966666666', '456@test.com', '台北市中正區中山南路1號', '2022-09-12 23:20:53', 1),
(3, '黃顯晴', '$2b$10$hOR7gjjbhxjgSMF5WQ1If.GvuvvGdwFQaJyfC9LoJt/mvIV8fXqm6', '女', '2002-03-14', '0955555555', '789@test.com', '100台北市中正區忠孝東路一段1號', '2022-09-15 14:26:44', 1),
(4, '游紹華', '$2b$10$ceP5VWo5jxwad1671OvIButGCaTFN9fnu7iuomJKaHB0B6YwC7LSm', '男', '2005-06-06', '0988888888', '000@test.com', '115台北市南港區忠孝東路六段488號', '2022-09-17 10:47:20', 1),
(5, '張婷婷', '$2b$10$8cz/rmrz.v4CSKAq2.U04ez9e29EanGJpniZ27nzULTzZ8k1o6rca', '不提供', '1980-01-01', '0977778888', '666@test.com', '100台北市中正區延平南路96號', '2022-09-21 10:14:02', 1),
(6, '張至寧', '$2b$10$Yj9xNNajvP0z9.axQnM9Buy2LesCTHqO2.Eff/WApg7gKUl24mgKC', '男', '1975-10-15', '0988888888', 'eddy@react.com', '116台北市文山區新光路二段30號', '2022-09-24 23:18:42', 1),
(7, '范家寧', '$2b$10$C2JnGvQFaoDXl0EgAuXJaO8SctsuULq0Cfn3RJGB72dJN1.Tqzi7G', NULL, '2000-12-12', '0952052052', 'fanfan@loveu.com', NULL, '2022-09-24 23:18:42', 1),
(8, '黃秀莉', '$2b$10$G3f6VAr/078E/NYK7itIxumJixhyGw/XyQ7HQWqFx97Yccl3vCuuW', NULL, '1995-10-20', '0966666666', 'lily1020@cute.com', NULL, '2022-09-24 23:18:42', 1),
(9, '高虹安', '$2b$10$FJU8CIed7XqAEfVFZFUkNumx6dSsBQ5LXA1QY2mzyxKvym2UWAlny', '女', '2000-01-01', '0988888888', 'ann@123.com', '100台北市中正區中山南路1號', '2022-09-25 19:38:13', 1),
(10, '江舜智', '$2b$10$kW/PxVtTt2fm3isb3.e6kucFaiuNnBxyBwl3IN1QKLjLZymJDURHa', NULL, '1960-11-21', '0988885555', 'jquery@test.com', NULL, '2022-09-25 19:38:13', 1),
(11, '陳家豪', '$2b$10$BeO3owssqwWEw4ba8fSb..Q.CgFBHAsDi3aa5IDEkwTmaJdtl2LZe', '不提供', '1997-08-07', '0911112222', 'howard@hahaha.com', '基隆市中正區義一路1號', '2022-09-25 19:38:13', 1),
(12, '林靖宜', '$2b$10$.h/rOdo1JMkYhG8k4npXf.nUmIN8V2QjIOMOFVtRybTdpoajO1Vga', NULL, '1992-02-02', '0988888899', 'linlin@cute.com', NULL, '2022-09-25 19:38:13', 1),
(13, '蔣萬安', '$2b$10$ZIpwGrfXJOUt9Rewz.DfhODDxA3R2EABKqN9LHgtBwH1jB1y5DpK2', '男', '1978-07-08', '0992929292', 'wanann@goodnight.com', '100台北市中正區中山南路21號', '2022-09-25 19:38:13', 1),
(14, '溫侑臻', '$2b$10$PuY/S9gPgyE578NZ.N3iVuysPc5VJ5HY3oXJrZEWQxkRP46zzSuhK', NULL, '1993-03-03', '0966666666', 'wenwen@cute.com', NULL, '2022-09-25 19:38:13', 1),
(15, '黃穗懷', '$2b$10$thcQTP01fOq8hZ6lRFiRaesYHDMG0PfR94kj5A94XjDdqn3wZo5V6', NULL, '1999-05-05', '0933333333', 'hello@cute.com', NULL, '2022-09-25 23:53:32', 1);

-- --------------------------------------------------------

--
-- 資料表結構 `user_like_product`
--

CREATE TABLE `user_like_product` (
  `id` int(6) UNSIGNED NOT NULL,
  `user_id` int(6) NOT NULL,
  `product_id` int(5) NOT NULL
) ENGINE=InnoDB DEFAULT CHARSET=utf8mb4;

--
-- 傾印資料表的資料 `user_like_product`
--

INSERT INTO `user_like_product` (`id`, `user_id`, `product_id`) VALUES
(1, 1, 100),
(2, 1, 122),
(3, 1, 150),
(4, 1, 23),
(5, 1, 22),
(6, 1, 56),
(7, 1, 11),
(8, 1, 2),
(9, 1, 3),
(10, 1, 5),
(15, 1, 121),
(22, 2, 159),
(24, 2, 106),
(25, 2, 110),
(47, 5, 61),
(48, 5, 9),
(50, 5, 68),
(51, 5, 131),
(52, 5, 71),
(55, 5, 159),
(58, 5, 144),
(59, 5, 148),
(62, 5, 137),
(63, 5, 1),
(64, 11, 138),
(70, 9, 97),
(71, 9, 96),
(72, 9, 71),
(73, 9, 175);

-- --------------------------------------------------------

--
-- 資料表結構 `user_like_recipe`
--

CREATE TABLE `user_like_recipe` (
  `id` int(6) UNSIGNED NOT NULL,
  `user_id` int(6) NOT NULL,
  `recipe_id` int(6) NOT NULL
) ENGINE=InnoDB DEFAULT CHARSET=utf8mb4;

--
-- 傾印資料表的資料 `user_like_recipe`
--

INSERT INTO `user_like_recipe` (`id`, `user_id`, `recipe_id`) VALUES
(3, 1, 6),
(4, 1, 8),
(5, 1, 10),
(6, 1, 12),
(7, 1, 14),
(8, 1, 16),
(9, 2, 5),
(10, 2, 8),
(11, 2, 4),
(12, 2, 1),
(18, 9, 6),
(19, 9, 5);

--
-- 已傾印資料表的索引
--

--
-- 資料表索引 `admins`
--
ALTER TABLE `admins`
  ADD PRIMARY KEY (`id`);

--
-- 資料表索引 `cart`
--
ALTER TABLE `cart`
  ADD PRIMARY KEY (`id`);

--
-- 資料表索引 `coupons`
--
ALTER TABLE `coupons`
  ADD PRIMARY KEY (`id`);

--
-- 資料表索引 `coupons_get`
--
ALTER TABLE `coupons_get`
  ADD PRIMARY KEY (`id`);

--
-- 資料表索引 `order_detail`
--
ALTER TABLE `order_detail`
  ADD PRIMARY KEY (`id`);

--
-- 資料表索引 `order_list`
--
ALTER TABLE `order_list`
  ADD PRIMARY KEY (`id`);

--
-- 資料表索引 `order_status`
--
ALTER TABLE `order_status`
  ADD PRIMARY KEY (`id`);

--
-- 資料表索引 `products`
--
ALTER TABLE `products`
  ADD PRIMARY KEY (`id`);

--
-- 資料表索引 `products_category`
--
ALTER TABLE `products_category`
  ADD PRIMARY KEY (`category_id`);

--
-- 資料表索引 `products_comment`
--
ALTER TABLE `products_comment`
  ADD PRIMARY KEY (`id`);

--
-- 資料表索引 `recipes`
--
ALTER TABLE `recipes`
  ADD PRIMARY KEY (`id`);

--
-- 資料表索引 `recipe_category`
--
ALTER TABLE `recipe_category`
  ADD PRIMARY KEY (`id`);

--
-- 資料表索引 `recipe_comment`
--
ALTER TABLE `recipe_comment`
  ADD PRIMARY KEY (`id`);

--
-- 資料表索引 `recipe_ings`
--
ALTER TABLE `recipe_ings`
  ADD PRIMARY KEY (`id`);

--
-- 資料表索引 `recipe_steps`
--
ALTER TABLE `recipe_steps`
  ADD PRIMARY KEY (`id`);

--
-- 資料表索引 `users`
--
ALTER TABLE `users`
  ADD PRIMARY KEY (`id`),
  ADD KEY `email` (`email`);

--
-- 資料表索引 `user_like_product`
--
ALTER TABLE `user_like_product`
  ADD PRIMARY KEY (`id`);

--
-- 資料表索引 `user_like_recipe`
--
ALTER TABLE `user_like_recipe`
  ADD PRIMARY KEY (`id`);

--
-- 在傾印的資料表使用自動遞增(AUTO_INCREMENT)
--

--
-- 使用資料表自動遞增(AUTO_INCREMENT) `admins`
--
ALTER TABLE `admins`
  MODIFY `id` int(6) UNSIGNED NOT NULL AUTO_INCREMENT;

--
-- 使用資料表自動遞增(AUTO_INCREMENT) `cart`
--
ALTER TABLE `cart`
  MODIFY `id` int(6) UNSIGNED NOT NULL AUTO_INCREMENT, AUTO_INCREMENT=3;

--
-- 使用資料表自動遞增(AUTO_INCREMENT) `coupons`
--
ALTER TABLE `coupons`
  MODIFY `id` int(6) UNSIGNED NOT NULL AUTO_INCREMENT, AUTO_INCREMENT=7;

--
-- 使用資料表自動遞增(AUTO_INCREMENT) `coupons_get`
--
ALTER TABLE `coupons_get`
  MODIFY `id` int(10) UNSIGNED NOT NULL AUTO_INCREMENT, AUTO_INCREMENT=22;

--
-- 使用資料表自動遞增(AUTO_INCREMENT) `order_detail`
--
ALTER TABLE `order_detail`
  MODIFY `id` int(10) UNSIGNED NOT NULL AUTO_INCREMENT, AUTO_INCREMENT=101;

--
-- 使用資料表自動遞增(AUTO_INCREMENT) `order_list`
--
ALTER TABLE `order_list`
  MODIFY `id` int(10) UNSIGNED NOT NULL AUTO_INCREMENT, AUTO_INCREMENT=24;

--
-- 使用資料表自動遞增(AUTO_INCREMENT) `order_status`
--
ALTER TABLE `order_status`
  MODIFY `id` int(10) UNSIGNED NOT NULL AUTO_INCREMENT, AUTO_INCREMENT=4;

--
-- 使用資料表自動遞增(AUTO_INCREMENT) `products`
--
ALTER TABLE `products`
  MODIFY `id` int(5) UNSIGNED NOT NULL AUTO_INCREMENT, AUTO_INCREMENT=182;

--
-- 使用資料表自動遞增(AUTO_INCREMENT) `products_category`
--
ALTER TABLE `products_category`
  MODIFY `category_id` int(3) UNSIGNED NOT NULL AUTO_INCREMENT, AUTO_INCREMENT=10;

--
-- 使用資料表自動遞增(AUTO_INCREMENT) `products_comment`
--
ALTER TABLE `products_comment`
  MODIFY `id` int(5) UNSIGNED NOT NULL AUTO_INCREMENT, AUTO_INCREMENT=48;

--
-- 使用資料表自動遞增(AUTO_INCREMENT) `recipes`
--
ALTER TABLE `recipes`
  MODIFY `id` int(6) UNSIGNED NOT NULL AUTO_INCREMENT, AUTO_INCREMENT=31;

--
-- 使用資料表自動遞增(AUTO_INCREMENT) `recipe_category`
--
ALTER TABLE `recipe_category`
  MODIFY `id` int(3) UNSIGNED NOT NULL AUTO_INCREMENT, AUTO_INCREMENT=4;

--
-- 使用資料表自動遞增(AUTO_INCREMENT) `recipe_comment`
--
ALTER TABLE `recipe_comment`
  MODIFY `id` int(6) UNSIGNED NOT NULL AUTO_INCREMENT, AUTO_INCREMENT=46;

--
-- 使用資料表自動遞增(AUTO_INCREMENT) `recipe_ings`
--
ALTER TABLE `recipe_ings`
  MODIFY `id` int(6) UNSIGNED NOT NULL AUTO_INCREMENT, AUTO_INCREMENT=187;

--
-- 使用資料表自動遞增(AUTO_INCREMENT) `recipe_steps`
--
ALTER TABLE `recipe_steps`
  MODIFY `id` int(6) UNSIGNED NOT NULL AUTO_INCREMENT, AUTO_INCREMENT=162;

--
-- 使用資料表自動遞增(AUTO_INCREMENT) `users`
--
ALTER TABLE `users`
  MODIFY `id` int(6) UNSIGNED NOT NULL AUTO_INCREMENT, AUTO_INCREMENT=16;

--
-- 使用資料表自動遞增(AUTO_INCREMENT) `user_like_product`
--
ALTER TABLE `user_like_product`
  MODIFY `id` int(6) UNSIGNED NOT NULL AUTO_INCREMENT, AUTO_INCREMENT=74;

--
-- 使用資料表自動遞增(AUTO_INCREMENT) `user_like_recipe`
--
ALTER TABLE `user_like_recipe`
  MODIFY `id` int(6) UNSIGNED NOT NULL AUTO_INCREMENT, AUTO_INCREMENT=20;
COMMIT;

/*!40101 SET CHARACTER_SET_CLIENT=@OLD_CHARACTER_SET_CLIENT */;
/*!40101 SET CHARACTER_SET_RESULTS=@OLD_CHARACTER_SET_RESULTS */;
/*!40101 SET COLLATION_CONNECTION=@OLD_COLLATION_CONNECTION */;
